Country Name,Country Code,Indicator Name,Indicator Code,1960,1961,1962,1963,1964,1965,1966,1967,1968,1969,1970,1971,1972,1973,1974,1975,1976,1977,1978,1979,1980,1981,1982,1983,1984,1985,1986,1987,1988,1989,1990,1991,1992,1993,1994,1995,1996,1997,1998,1999,2000,2001,2002,2003,2004,2005,2006,2007,2008,2009,2010,2011,2012,2013,2014,2015,2016,2017,2018,2019,2020,2021,2022,2023,2024
Aruba,ABW,"GNI per capita, PPP (current international $)",NY.GNP.PCAP.PP.CD,,,,,,,,,,,,,,,,,,,,,,,,,,,,,,,21490,22880,23630,24130,25340,25930,25640,26790,27310,27020,29820,30960,29680,31660,33900,27980,34400,32340,37310,33150,31800,32030,32580,33740,34340,34460,34480,35450,36710,37340,28180,34420,40060,41080,
Africa Eastern and Southern,AFE,"GNI per capita, PPP (current international $)",NY.GNP.PCAP.PP.CD,,,,,,,,,,,,,,,,,,,,,,,,,,,,,,,1718.312496,1729.568268,1646.988494,1669.562205,1678.860759,1780.291461,1864.249412,1938.887664,1939.359512,1959.416678,2027.440658,2092.814623,2160.329132,2224.215139,2350.112029,2506.208328,2679.550821,2843.729535,2932.327206,2918.41792,3000.296228,3109.614504,3058.048004,3163.424923,3310.429961,3350.292731,3462.52199,3596.394785,3538.762428,3632.385134,3544.014476,3808.431432,4120.387348,4247.934961,4365.066547
Afghanistan,AFG,"GNI per capita, PPP (current international $)",NY.GNP.PCAP.PP.CD,,,,,,,,,,,,,,,,,,,,,,,,,,,,,,,,,,,,,,,,,790,750,940,980,980,1090,1140,1300,1330,1570,1770,1740,1990,2140,2230,2300,2240,2360,2460,2620,2580,2160,2130,2210,
Africa Western and Central,AFW,"GNI per capita, PPP (current international $)",NY.GNP.PCAP.PP.CD,,,,,,,,,,,,,,,,,,,,,,,,,,,,,,,,,,,,,,,,,,,,,,,,,3010.445551,3117.426744,3274.709766,3410.35663,3545.017792,3688.111276,3979.573736,3976.658864,3941.664156,3979.462899,4112.159633,4373.927058,4412.478961,4614.306772,5001.284081,5207.09532,5429.681943
Angola,AGO,"GNI per capita, PPP (current international $)",NY.GNP.PCAP.PP.CD,,,,,,,,,,,,,,,,,,,,,,,,,,,,,,,3050,3370,1660,1520,1280,2390,2460,2870,2860,2670,2830,2940,3420,3500,3810,4340,4770,5390,5620,5870,5970,6130,6760,7010,7500,6760,6490,6560,6780,6850,5870,6800,7320,7280,7660
Albania,ALB,"GNI per capita, PPP (current international $)",NY.GNP.PCAP.PP.CD,,,,,,,,,,,,,,,,,,,,,,,,,,,,,,,2650,1960,1810,2190,2400,2820,3120,2820,3180,3630,4090,4590,4960,5300,5720,6130,6950,7790,8510,8890,9660,10280,10380,10770,11420,11890,12400,13040,13680,14600,14270,15900,19110,20990,23310
Andorra,AND,"GNI per capita, PPP (current international $)",NY.GNP.PCAP.PP.CD,,,,,,,,,,,,,,,,,,,,,,,,,,,,,,,,,,,,,,,,,,,,,,,,,,,,,,,,,,,,63070,58900,63830,71410,74250,78170
Arab World,ARB,"GNI per capita, PPP (current international $)",NY.GNP.PCAP.PP.CD,,,,,,,,,,,,,,,,,,,,,,,,,,,,,,,7015.529266,7231.761903,7639.005152,7805.858636,7931.841663,8160.031296,8466.36112,8882.637414,9269.648584,9292.446871,9921.932919,10117.34131,10042.68557,10347.49284,11409.20888,12124.35389,13055.2059,13735.55914,14343.98425,14114.24448,14597.33909,15113.3601,16039.61676,15963.93614,15776.78675,14327.96671,13855.43263,14446.61845,15429.70094,15572.55511,14159.27744,15891.93983,17766.74975,18300.57663,18604.91673
United Arab Emirates,ARE,"GNI per capita, PPP (current international $)",NY.GNP.PCAP.PP.CD,,,,,,,,,,,,,,,,,,,,,,,,,,,,,,,92650,88290,88090,86300,89500,94740,94660,97430,93670,86100,95770,93190,87690,91020,97450,101170,107240,102310,94140,84200,83650,87740,87410,85610,85380,72060,68090,68530,75320,77260,65000,67280,73790,76680,78110
Argentina,ARG,"GNI per capita, PPP (current international $)",NY.GNP.PCAP.PP.CD,,,,,,,,,,,,,,,,,,,,,,,,,,,,,,,6840,7710,8510,9350,9960,9710,10280,11160,11540,11160,11190,10800,9450,10490,10770,11930,14350,16020,16850,15680,17240,18560,18970,19500,19090,19530,19660,22790,23540,22590,21790,25770,29050,29460,29570
Armenia,ARM,"GNI per capita, PPP (current international $)",NY.GNP.PCAP.PP.CD,,,,,,,,,,,,,,,,,,,,,,,,,,,,,,,2660,2470,1250,1440,1590,1810,1980,2160,2310,2450,2610,2930,3400,3960,4560,5390,6360,7520,8290,7090,7450,7890,9300,10040,10170,10150,10820,12490,13080,15180,14470,15460,18650,20950,21990
American Samoa,ASM,"GNI per capita, PPP (current international $)",NY.GNP.PCAP.PP.CD,,,,,,,,,,,,,,,,,,,,,,,,,,,,,,,,,,,,,,,,,,,,,,,,,,,,,,,,,,,,,,,,,
Antigua and Barbuda,ATG,"GNI per capita, PPP (current international $)",NY.GNP.PCAP.PP.CD,,,,,,,,,,,,,,,,,,,,,,,,,,,,,,,11770,12790,13120,14120,15070,14410,15400,16330,17030,17580,18360,17470,17760,18990,20400,22360,25640,28380,28580,24870,22820,22500,21550,20610,20720,19750,19930,20360,23390,25450,22280,24860,28490,30140,32060
Australia,AUS,"GNI per capita, PPP (current international $)",NY.GNP.PCAP.PP.CD,,,,,,,,,,,,,,,,,,,,,,,,,,,,,,,16780,17120,17550,18710,19730,20310,21350,22350,23610,24690,25780,26870,28250,29270,30860,31810,33490,35020,36000,38900,37840,40330,41560,44790,45680,45320,46140,47040,48600,50900,52760,57530,63370,67480,68800
Austria,AUT,"GNI per capita, PPP (current international $)",NY.GNP.PCAP.PP.CD,,,,,,,,,,,,,,,,,,,,,,,,,,,,,,,19470,20510,21250,21690,22570,23500,24400,25180,26370,27060,28960,29150,30770,31880,33480,34700,37480,39150,41390,40650,42090,44320,46200,47650,48410,49060,52380,53360,56050,60220,59170,64010,71050,70510,71860
Azerbaijan,AZE,"GNI per capita, PPP (current international $)",NY.GNP.PCAP.PP.CD,,,,,,,,,,,,,,,,,,,,,,,,,,,,,,,5350,5420,4220,3280,2650,2350,2400,2560,2840,3180,3380,3740,4100,4560,4940,6070,8270,10220,11860,13190,14040,13790,15090,16410,17060,14590,13660,13770,14550,16030,15070,19690,21040,22650,24170
Burundi,BDI,"GNI per capita, PPP (current international $)",NY.GNP.PCAP.PP.CD,,,,,,,,,,,,,,,,,,,,,,,,,,,,,,,590,630,630,630,610,540,510,510,530,520,530,520,540,520,530,540,580,590,610,600,610,620,640,690,720,800,770,760,760,780,790,840,890,930,950
Belgium,BEL,"GNI per capita, PPP (current international $)",NY.GNP.PCAP.PP.CD,,,,,,,,,,,,,,,,,,,,,,,,,,,,,,,18730,19720,20390,20800,22030,22920,23270,24310,24960,26030,28500,29340,30810,31530,32510,33590,35770,37310,38800,38630,40450,41310,43440,44870,46060,46730,48850,50700,53000,57190,56620,61450,68950,70010,73360
Benin,BEN,"GNI per capita, PPP (current international $)",NY.GNP.PCAP.PP.CD,,,,,,,,,,,,,,,,,,,,,,,,,,,,,,,1170,1230,1230,1290,1300,1370,1420,1490,1530,1590,1670,1740,1790,1830,1900,1940,2010,2120,2210,2210,2210,2260,2330,2500,2660,2710,2830,2880,2950,3130,3220,3430,3820,4090,4390
Burkina Faso,BFA,"GNI per capita, PPP (current international $)",NY.GNP.PCAP.PP.CD,,,,,,,,,,,,,,,,,,,,,,,,,,,,,,,570,620,620,640,640,680,760,790,840,890,900,940,960,1030,1070,1160,1240,1290,1350,1340,1410,1470,1530,1600,1590,1610,1800,1970,2010,2130,2300,2370,2530,2640,2770
Bangladesh,BGD,"GNI per capita, PPP (current international $)",NY.GNP.PCAP.PP.CD,,,,,,,,,,,,,,,,,,,,,,,,,,,,,,,950,1000,1060,1120,1170,1230,1290,1350,1410,1470,1550,1640,1710,1800,1930,2090,2300,2520,2720,2850,3030,3250,3680,3940,4190,4440,4790,5050,5710,6290,6920,7830,8790,9510,10060
Bulgaria,BGR,"GNI per capita, PPP (current international $)",NY.GNP.PCAP.PP.CD,,,,,,,,,,,,,,,,,,,,,,,,,,,,,,,6950,6480,6800,6900,7190,7560,6630,5570,6060,5730,6270,6970,7950,8550,9310,10320,11130,11880,13650,13730,14640,15250,16110,16520,17790,18290,20050,21770,23180,25970,26390,29740,33870,35670,39130
Bahrain,BHR,"GNI per capita, PPP (current international $)",NY.GNP.PCAP.PP.CD,,,,,,,,,,,,,,,,,,,,,,,,,,,,,,,24900,28990,29790,32060,31610,33810,35130,34690,36210,36750,44560,44510,42620,43400,44290,46050,47010,48670,48520,43540,44890,46050,54930,54320,51750,45470,44920,47500,49270,53440,49770,51550,59070,60550,63610
"Bahamas, The",BHS,"GNI per capita, PPP (current international $)",NY.GNP.PCAP.PP.CD,,,,,,,,,,,,,,,,,,,,,,,,,,,,,,,19180,18640,18340,18320,18960,21970,24110,21080,21900,23780,24980,25720,26610,26570,27230,28600,29750,30550,30450,28750,28930,29370,30230,29430,30480,30790,30770,32780,32930,34420,25810,29230,34800,37560,
Bosnia and Herzegovina,BIH,"GNI per capita, PPP (current international $)",NY.GNP.PCAP.PP.CD,,,,,,,,,,,,,,,,,,,,,,,,,,,,,,,900,840,840,920,1130,1350,2120,2890,4090,4360,4540,4660,4960,5150,5910,6200,7080,7910,8900,9030,9230,9840,10200,10950,11260,11930,12920,13510,14770,16400,16280,18050,20840,22380,21900
Belarus,BLR,"GNI per capita, PPP (current international $)",NY.GNP.PCAP.PP.CD,,,,,,,,,,,,,,,,,,,,,,,,,,,,,,,5220,5330,4920,4650,4180,3840,4040,4590,5060,5340,5770,6220,6680,7370,8480,9650,10960,12210,13710,13730,15030,16380,17710,18350,18470,17360,16990,17720,19300,21640,23860,26600,27240,29830,32220
Belize,BLZ,"GNI per capita, PPP (current international $)",NY.GNP.PCAP.PP.CD,,,,,,,,,,,,,,,,,,,,,,,,,,,,,,,4410,4980,5590,5930,5880,5930,5910,6080,6120,6530,7200,7410,7720,8260,8490,8740,9140,9290,9040,9220,8960,9180,8680,8960,8880,9120,8940,8620,8880,9810,9340,11300,12830,13320,14530
Bermuda,BMU,"GNI per capita, PPP (current international $)",NY.GNP.PCAP.PP.CD,,,,,,,,,,,,,,,,,,,,,,,,,,,,,,,,,,,,,,,,,,,,,,,,,,,73780,72730,72220,74820,74730,78670,82690,89200,88770,92220,87660,96260,110800,116760,124400
Bolivia,BOL,"GNI per capita, PPP (current international $)",NY.GNP.PCAP.PP.CD,,,,,,,,,,,,,,,,,,,,,,,,,,,,,,,2170,2320,2390,2500,2640,2770,2890,3040,3190,3180,3270,3350,3420,3490,3640,3870,4130,4350,4660,4730,4870,5170,5510,6180,6680,6910,7410,8260,8740,8990,8200,9210,10070,10620,10880
Brazil,BRA,"GNI per capita, PPP (current international $)",NY.GNP.PCAP.PP.CD,,,,,,,,,,,,,,,,,,,,,,,,,,,,,,,6510,6710,6740,7080,7430,7980,8190,8460,8420,8370,8830,9000,9290,9490,10210,10760,11460,12400,13120,13090,14010,14820,14820,15500,15530,14540,14010,14290,15030,15640,15770,17510,19300,20500,21650
Barbados,BRB,"GNI per capita, PPP (current international $)",NY.GNP.PCAP.PP.CD,,,,,,,,,,,,,,,,,,,,,,,,,,,,,,,10820,10750,10390,10640,11040,11410,12030,12890,13520,13680,14610,14490,14700,15170,15830,16680,17860,19050,19210,18430,18570,18090,17350,17350,17100,17090,17270,17170,17760,17890,15620,15400,19260,20490,21740
Brunei Darussalam,BRN,"GNI per capita, PPP (current international $)",NY.GNP.PCAP.PP.CD,,,,,,,,,,,,,,,,,,,,,,,,,,,,,,,70200,72610,70020,69390,69780,70440,70010,73980,68260,70580,73090,74250,76840,79630,80400,81530,86110,84080,80750,78300,78960,80510,85160,82320,81150,65860,60830,65320,65550,71210,71890,78750,79990,86130,92860
Bhutan,BTN,"GNI per capita, PPP (current international $)",NY.GNP.PCAP.PP.CD,,,,,,,,,,,,,,,,,,,,,,,,,,,,,,,1540,1520,1640,1800,1990,2090,2280,2460,2420,2520,3110,3340,3610,3860,4080,4460,4840,5650,5880,6220,6870,7480,7960,8120,8720,9550,10390,10720,10950,11830,11750,12700,14280,15360,
Botswana,BWA,"GNI per capita, PPP (current international $)",NY.GNP.PCAP.PP.CD,,,,,,,,,,,,,,,,,,,,,,,,,,,,,,,5800,6570,6800,7200,6520,7300,7310,8070,8480,8550,8600,8990,8450,9210,9410,10240,11600,12650,12840,11340,12000,13270,12710,12720,14550,13670,14840,14370,14320,16010,15310,18000,20010,21040,20570
Central African Republic,CAF,"GNI per capita, PPP (current international $)",NY.GNP.PCAP.PP.CD,,,,,,,,,,,,,,,,,,,,,,,,,,,,,,,610,610,570,560,580,620,590,620,630,650,630,660,680,650,680,700,740,780,790,870,940,980,1070,720,710,780,840,930,970,1060,1130,1210,1280,1330,1340
Canada,CAN,"GNI per capita, PPP (current international $)",NY.GNP.PCAP.PP.CD,,,,,,,,,,,,,,,,,,,,,,,,,,,,,,,19500,19550,19890,20710,21820,22680,23250,24480,25430,26900,28590,29380,30180,31560,33200,35590,37510,38990,39780,38190,39310,40880,41540,43630,45020,43990,45900,47700,49130,49900,48240,56470,62680,63330,64470
Central Europe and the Baltics,CEB,"GNI per capita, PPP (current international $)",NY.GNP.PCAP.PP.CD,,,,,,,,,,,,,,,,,,,,,,,,,,,,,,,7150.842772,6696.219287,6617.129052,6880.080776,7307.454216,7943.530614,8326.923687,8585.146326,8974.611167,9266.340964,9884.620143,10658.53065,11439.94371,12045.81713,13015.31842,13894.33823,15343.88783,16967.83026,19012.07664,19115.51209,20181.9107,21562.66684,22402.31358,23213.98371,24273.73823,25356.68298,26974.87755,29031.58223,31235.12846,34743.4272,35492.2798,38885.18593,43242.50437,45166.46643,48257.14798
Switzerland,CHE,"GNI per capita, PPP (current international $)",NY.GNP.PCAP.PP.CD,,,,,,,,,,,,,,,,,,,,,,,,,,,,,,,28990,29350,29590,30120,30650,31500,32270,34090,35400,36590,39020,39220,39640,41170,42560,44860,49560,51130,50260,53740,57260,57830,60440,62660,63350,65940,66960,67250,68130,71170,70510,78090,88840,87740,90820
Channel Islands,CHI,"GNI per capita, PPP (current international $)",NY.GNP.PCAP.PP.CD,,,,,,,,,,,,,,,,,,,,,,,,,,,,,,,,,,,,,,,,,,,,,,,,,,,,,,,,,,,,,,,,,
Chile,CHL,"GNI per capita, PPP (current international $)",NY.GNP.PCAP.PP.CD,,,,,,,,,,,,,,,,,,,,,,,,,,,,,,,4210,4640,5330,5850,6190,6960,7640,8250,8650,8590,9050,9450,9740,10170,10760,11560,13850,15060,15090,14860,16760,18370,20200,21210,21550,21910,22610,23350,24270,24650,23770,27440,29310,31390,32850
China,CHN,"GNI per capita, PPP (current international $)",NY.GNP.PCAP.PP.CD,,,,,,,,,,,,,,,,,,,,,,,,,,,,,,,990,1110,1280,1470,1680,1850,2060,2270,2440,2650,2930,3210,3550,3980,4490,5110,5940,6950,7760,8430,9370,10360,11390,12130,12960,13400,14090,15000,16230,17550,18120,20700,22840,24970,26920
Cote d'Ivoire,CIV,"GNI per capita, PPP (current international $)",NY.GNP.PCAP.PP.CD,,,,,,,,,,,,,,,,,,,,,,,,,,,,,,,2430,2440,2410,2360,2390,2520,1760,1850,1890,1910,1790,1750,1710,1660,1760,1940,1990,2030,2140,2200,2310,2110,2350,2530,4000,4310,4430,4550,4810,5360,5380,5860,6500,6950,7350
Cameroon,CMR,"GNI per capita, PPP (current international $)",NY.GNP.PCAP.PP.CD,,,,,,,,,,,,,,,,,,,,,,,,,,,,,,,1950,1850,1800,1660,1670,1700,1760,1820,1890,1960,1990,2050,2140,2290,2480,2530,2670,2760,2830,2870,2890,2960,3010,3180,3360,3450,3570,3700,3940,4150,4280,4720,5060,5300,5490
"Congo, Dem. Rep.",COD,"GNI per capita, PPP (current international $)",NY.GNP.PCAP.PP.CD,,,,,,,,,,,,,,,,,,,,,,,,,,,,,,,760,610,610,540,480,460,490,460,450,410,410,380,400,420,440,460,490,520,530,540,570,600,600,650,740,800,890,970,1030,1100,1110,1270,1400,1570,1650
"Congo, Rep.",COG,"GNI per capita, PPP (current international $)",NY.GNP.PCAP.PP.CD,,,,,,,,,,,,,,,,,,,,,,,,,,,,,,,2900,3010,3180,2920,2890,2110,2160,2590,2810,2510,2680,2730,2890,2950,2820,3250,3890,3560,3900,4420,4760,4660,5730,5700,5820,4690,3870,3860,5280,5140,4740,5570,5930,6500,6700
Colombia,COL,"GNI per capita, PPP (current international $)",NY.GNP.PCAP.PP.CD,,,,,,,,,,,,,,,,,,,,,,,,,,,,,,,4900,5090,5330,5680,6080,6410,6520,6740,6760,6460,6630,6760,6920,7170,7630,8220,8910,9600,9950,10060,10460,11210,11630,12340,12980,13160,13870,14150,14860,15830,15370,17230,19980,20410,21060
Comoros,COM,"GNI per capita, PPP (current international $)",NY.GNP.PCAP.PP.CD,,,,,,,,,,,,,,,,,,,,,,,,,,,,,,,1380,1320,1450,1500,1420,1480,1460,1510,1520,1550,1720,1770,1790,1830,1870,1950,2020,2060,2130,2240,2330,2470,2670,2830,2950,2960,3160,3360,3320,3330,3280,3470,3750,3920,4080
Cabo Verde,CPV,"GNI per capita, PPP (current international $)",NY.GNP.PCAP.PP.CD,,,,,,,,,,,,,,,,,,,,,,,,,,,,,,,1050,1070,1190,1290,1540,1750,1950,2170,2420,2680,3050,3190,3320,3500,3900,4200,4590,5460,5870,5760,5800,6160,6070,6160,6130,6540,7110,7690,7750,8480,6710,7580,9360,10180,11050
Costa Rica,CRI,"GNI per capita, PPP (current international $)",NY.GNP.PCAP.PP.CD,,,,,,,,,,,,,,,,,,,,,,,,,,,,,,,4800,5040,5510,5900,6220,6430,6510,6830,7160,7290,7520,7810,8070,8450,8970,9530,10480,11540,12230,11870,12510,13160,14010,14680,15720,16780,18390,19430,20330,21950,20820,22320,24070,26120,27880
Caribbean small states,CSS,"GNI per capita, PPP (current international $)",NY.GNP.PCAP.PP.CD,,,,,,,,,,,,,,,,,,,,,,,,,,,,,,,6746.830549,6960.57839,7380.432254,7576.545177,7926.562607,8472.347166,9054.073195,9381.588487,9910.881349,10477.57935,11062.69329,11492.29332,12210.1517,13208.42419,14376.93743,15502.32023,17201.58725,18448.26721,19123.09058,18473.33407,19006.62649,18751.84441,19512.28071,20001.94772,20222.59981,20115.46504,19274.81868,20111.79288,20221.84146,21190.1714,19098.64674,21736.37041,24710.31381,30242.61291,32935.97774
Cuba,CUB,"GNI per capita, PPP (current international $)",NY.GNP.PCAP.PP.CD,,,,,,,,,,,,,,,,,,,,,,,,,,,,,,,,,,,,,,,,,,,,,,,,,,,,,,,,,,,,,,,,,
Curacao,CUW,"GNI per capita, PPP (current international $)",NY.GNP.PCAP.PP.CD,,,,,,,,,,,,,,,,,,,,,,,,,,,,,,,,,,,,,,,,,,,,,,24480,25060,25860,26030,25510,25860,25940,24600,24150,23820,23690,23200,24040,24480,25500,21950,25460,30180,30770,
Cayman Islands,CYM,"GNI per capita, PPP (current international $)",NY.GNP.PCAP.PP.CD,,,,,,,,,,,,,,,,,,,,,,,,,,,,,,,,,,,,,,,,,,,,,,,,,,,62770,64370,43820,38230,36670,37970,41510,45560,50130,53880,45150,57130,54040,,
Cyprus,CYP,"GNI per capita, PPP (current international $)",NY.GNP.PCAP.PP.CD,,,,,,,,,,,,,,,,,,,,,,,,,,,,,,,13260,13460,14650,14750,15610,16220,16480,16800,19320,18530,19460,21240,22340,23290,24490,26320,28350,30780,34260,33790,33030,34280,31700,30050,29350,31720,34460,37250,39450,42700,40440,44460,51500,51730,54660
Czechia,CZE,"GNI per capita, PPP (current international $)",NY.GNP.PCAP.PP.CD,,,,,,,,,,,,,,,,,,,,,,,,,,,,,,,12640,11570,11850,12210,12830,13840,14560,14680,14840,15210,16010,17210,17690,18950,20000,21090,22430,24580,26230,25780,25980,26910,27640,29110,30570,31600,33740,36850,39260,42790,42530,46400,49610,52450,54340
Germany,DEU,"GNI per capita, PPP (current international $)",NY.GNP.PCAP.PP.CD,,,,,,,,,,,,,,,,,,,,,,,,,,,,,,,19720,21120,21830,21960,22840,23580,24160,24600,25300,26330,27300,28470,29200,29990,31950,32580,35330,37440,38810,38390,40520,44510,45290,46960,48940,49510,53040,55480,58480,61460,60170,64640,70040,71100,74880
Djibouti,DJI,"GNI per capita, PPP (current international $)",NY.GNP.PCAP.PP.CD,,,,,,,,,,,,,,,,,,,,,,,,,,,,,,,,,,,,,,,,,,,,,,,,,,,,,,3710,3940,4220,4300,4460,4840,5230,5350,5850,6750,7460,7850
Dominica,DMA,"GNI per capita, PPP (current international $)",NY.GNP.PCAP.PP.CD,,,,,,,,,,,,,,,,,,,,,,,,,,,,,,,4570,4760,4980,5230,5260,5500,5690,5970,6340,6290,6360,6810,6630,7160,7540,7920,8870,9510,10450,10520,10730,10900,10720,10880,11740,11630,12510,12770,15100,15780,14480,15820,18890,20270,21380
Denmark,DNK,"GNI per capita, PPP (current international $)",NY.GNP.PCAP.PP.CD,,,,,,,,,,,,,,,,,,,,,,,,,,,,,,,17590,18370,19180,19700,21180,22250,23250,24430,25430,26360,27990,29030,30290,30590,33060,34510,37850,39300,41930,40910,43750,45380,45770,48350,49620,50420,53120,56490,58840,62360,64710,72470,79860,75840,82240
Dominican Republic,DOM,"GNI per capita, PPP (current international $)",NY.GNP.PCAP.PP.CD,,,,,,,,,,,,,,,,,,,,,,,,,,,,,,,3510,3580,3990,4240,4380,4650,4960,5400,5720,6030,6350,6560,6850,6630,6780,7780,8680,9460,9970,10010,10840,11240,11310,11820,12810,14190,15580,16040,17210,18860,18070,20960,23690,24670,26050
Algeria,DZA,"GNI per capita, PPP (current international $)",NY.GNP.PCAP.PP.CD,,,,,,,,,,,,,,,,,,,,,,,,,,,,,,,7350,7190,7390,7290,7180,7370,7650,7780,8180,8400,8770,9290,9720,10440,10990,11720,12330,13160,13570,13550,14190,14520,14300,14140,14420,13520,13350,13340,13430,13610,12470,14210,15470,16580,17220
East Asia & Pacific (excluding high income),EAP,"GNI per capita, PPP (current international $)",NY.GNP.PCAP.PP.CD,,,,,,,,,,,,,,,,,,,,,,,,,,,,,,,1440.29479,1580.861383,1758.500983,1965.84338,2191.535941,2402.126635,2630.418193,2823.934172,2836.882461,3007.879555,3273.926985,3543.215609,3855.246363,4237.299871,4698.191885,5247.74929,5955.345477,6803.257925,7471.573726,7978.575131,8766.92468,9580.152293,10455.00044,11051.88252,11702.41387,12039.11868,12630.9115,13403.80561,14467.72947,15577.08083,15855.44332,17767.63764,19695.16846,21456.05375,23069.06637
Early-demographic dividend,EAR,"GNI per capita, PPP (current international $)",NY.GNP.PCAP.PP.CD,,,,,,,,,,,,,,,,,,,,,,,,,,,,,,,2899.782098,3061.643501,3191.957191,3279.477337,3376.03698,3498.761499,3692.019919,3849.830877,3814.903882,3887.321132,4075.746327,4192.727959,4283.91352,4512.757316,4845.139176,5213.704857,5675.264082,6111.173951,6396.260683,6481.990112,6881.601072,7285.941144,7651.207975,7874.314849,8106.088114,8219.454447,8523.565254,8973.583721,9463.901989,9783.709402,9521.708327,10621.71424,12076.2059,13018.11273,13705.19196
East Asia & Pacific,EAS,"GNI per capita, PPP (current international $)",NY.GNP.PCAP.PP.CD,,,,,,,,,,,,,,,,,,,,,,,,,,,,,,,3245.538956,3487.34423,3711.79542,3967.468068,4253.545443,4551.021376,4874.042929,5132.449624,5115.510623,5344.747435,5755.875663,6072.929731,6455.880327,6892.176841,7485.592277,8129.752635,8966.47301,9932.083011,10575.2318,10918.12944,11846.25405,12709.58392,13614.223,14329.36104,14980.30389,15415.20617,15971.49256,16787.13043,17856.95245,18963.16589,19255.75764,21356.46428,23509.10705,25375.61852,27137.76619
Europe & Central Asia (excluding high income),ECA,"GNI per capita, PPP (current international $)",NY.GNP.PCAP.PP.CD,,,,,,,,,,,,,,,,,,,,,,,,,,,,,,,6277.590595,6151.412722,5858.769565,5783.173872,5195.520608,5271.132911,5487.837291,5836.713001,5160.98963,5153.80246,5580.576248,5775.945083,6099.203784,6526.726734,7380.576708,8093.772117,9200.864826,10258.75171,11047.98137,10719.64539,11708.7315,12832.4894,13659.09749,14902.25226,15443.32613,15883.01963,16326.91855,17240.59455,17777.4028,18792.99056,19276.36334,21216.91793,24473.01099,26792.22829,28118.10512
Europe & Central Asia,ECS,"GNI per capita, PPP (current international $)",NY.GNP.PCAP.PP.CD,,,,,,,,,,,,,,,,,,,,,,,,,,,,,,,11828.06484,12094.39872,12099.2515,12202.53613,12420.16493,12800.60941,13242.19814,13837.51811,14121.18829,14684.69601,15821.80305,16614.79069,17376.82292,18058.1265,19210.44273,20272.72845,22392.33223,23930.41954,25442.55431,24869.76353,26014.16436,27569.65819,28319.73764,29600.08055,30355.83494,30752.05394,32171.54523,33911.16998,35660.38798,38244.13601,37664.77426,41997.17667,46745.34931,48515.82467,51228.75067
Ecuador,ECU,"GNI per capita, PPP (current international $)",NY.GNP.PCAP.PP.CD,,,,,,,,,,,,,,,,,,,,,,,,,,,,,,,4250,4550,4730,4870,5110,5250,5320,5570,5680,5250,5270,5650,5990,6170,6620,7120,7570,7800,8460,8480,8830,9610,10100,11140,11660,10690,10670,11530,11860,12190,11130,13290,14950,15550,15420
"Egypt, Arab Rep.",EGY,"GNI per capita, PPP (current international $)",NY.GNP.PCAP.PP.CD,,,,,,,,,,,,,,,,,,,,,,,,,,,,,,,3470,3650,3800,3910,4060,4260,4460,4690,4920,5150,5480,5710,5760,5920,6190,6540,7110,7710,8260,8470,8660,8760,10100,10240,10010,10710,10520,10920,12030,12900,14780,15120,16950,17710,18230
Euro area,EMU,"GNI per capita, PPP (current international $)",NY.GNP.PCAP.PP.CD,,,,,,,,,,,,,,,,,,,,,,,,,,,,,,,16916.30561,17795.78636,18302.27321,18553.59324,19314.17343,20204.42743,20868.30956,21718.47593,22697.28535,23635.28915,25105.48113,26245.03952,27195.14645,27705.62579,28938.26232,30011.09428,32530.51798,34322.46578,35439.3185,34804.13533,35843.60559,37585.70405,37971.89279,39295.21138,40331.16801,41215.86687,43891.32276,45959.04431,48091.61462,51599.79607,49794.25349,54604.60693,60068.52921,61486.50499,64908.01884
Eritrea,ERI,"GNI per capita, PPP (current international $)",NY.GNP.PCAP.PP.CD,,,,,,,,,,,,,,,,,,,,,,,,,,,,,,,,,1020,1150,1380,1390,1430,1570,1610,1610,1560,1680,1690,1600,1600,1660,1670,1720,1530,1560,1580,1720,,,,,,,,,,,,,
Spain,ESP,"GNI per capita, PPP (current international $)",NY.GNP.PCAP.PP.CD,,,,,,,,,,,,,,,,,,,,,,,,,,,,,,,13510,14290,14660,14840,15240,16130,16720,17680,18840,19750,21420,22640,24100,24860,25920,27250,30190,31740,32420,31580,31340,31450,31610,32400,33640,35210,37670,39810,41030,44090,39400,44550,50690,52970,56630
Estonia,EST,"GNI per capita, PPP (current international $)",NY.GNP.PCAP.PP.CD,,,,,,,,,,,,,,,,,,,,,,,,,,,,,,,7190,6870,5620,5570,5690,6260,6810,7590,8210,8190,9070,9810,11050,12370,13720,15870,18280,20480,21610,19850,20450,23400,25160,27170,28610,29090,31280,33710,36370,39800,40090,43280,46670,45330,48260
Ethiopia,ETH,"GNI per capita, PPP (current international $)",NY.GNP.PCAP.PP.CD,,,,,,,,,,,,,,,,,,,,,,,,,,,,,,,410,380,340,380,390,410,450,460,430,450,470,510,510,490,550,620,690,770,850,900,990,1100,1180,1250,1480,1630,1850,1990,2090,2230,2390,2580,2830,3050,3270
European Union,EUU,"GNI per capita, PPP (current international $)",NY.GNP.PCAP.PP.CD,,,,,,,,,,,,,,,,,,,,,,,,,,,,,,,14829.00907,15421.18203,15836.65729,16099.49107,16821.61111,17673.58099,18286.60735,19008.74025,19867.99975,20707.00387,22033.81382,23094.3333,24037.14671,24596.05059,25811.28527,26840.85419,29182.89335,30977.20367,32333.64604,31861.37002,32979.18911,34664.91469,35152.71811,36373.31405,37424.18737,38387.42383,40863.8337,42960.81077,45129.67328,48693.74083,47510.95745,52139.86791,57428.83654,58854.43272,62279.00476
Fragile and conflict affected situations,FCS,"GNI per capita, PPP (current international $)",NY.GNP.PCAP.PP.CD,,,,,,,,,,,,,,,,,,,,,,,,,,,,,,,,,,,,,,,,,2631.48425,2737.617211,2680.695827,2574.647976,2983.146732,3213.823781,3477.2805,3748.878621,3894.481682,3853.121997,4001.051241,4002.597232,4257.174706,4430.672103,4470.114394,4324.902042,4379.981746,4604.369252,4784.417833,5014.726803,4876.308619,5072.683267,5281.701792,5474.32877,5563.427886
Finland,FIN,"GNI per capita, PPP (current international $)",NY.GNP.PCAP.PP.CD,,,,,,,,,,,,,,,,,,,,,,,,,,,,,,,17800,17050,16550,16630,17720,18980,19610,21460,23110,24510,26610,27790,28680,28880,31420,32180,34760,37950,40150,38440,39460,41020,40920,41560,42000,42640,44760,47250,49450,52460,54110,57710,61890,61900,64340
Fiji,FJI,"GNI per capita, PPP (current international $)",NY.GNP.PCAP.PP.CD,,,,,,,,,,,,,,,,,,,,,,,,,,,,,,,3810,3830,4110,4270,4490,4810,5140,5030,5010,5470,5730,5760,6070,6150,6580,6870,6770,6960,7110,7170,7240,7570,8050,8830,10210,11020,11320,11810,12370,12130,10520,10060,12940,14280,14880
France,FRA,"GNI per capita, PPP (current international $)",NY.GNP.PCAP.PP.CD,,,,,,,,,,,,,,,,,,,,,,,,,,,,,,,17540,18240,18880,19180,19950,20770,21460,22470,23580,24710,26440,27870,28680,28430,29350,30980,33110,34780,35850,35500,36790,38550,38550,40530,41130,41740,43750,45370,47430,52660,50480,54160,57750,59410,62620
Faroe Islands,FRO,"GNI per capita, PPP (current international $)",NY.GNP.PCAP.PP.CD,,,,,,,,,,,,,,,,,,,,,,,,,,,,,,,,,,,,,,,,,,,,,,,,,41420,38440,40280,44410,48600,52500,55110,55140,56300,58310,60620,64010,63130,70120,76180,78730,
"Micronesia, Fed. Sts.",FSM,"GNI per capita, PPP (current international $)",NY.GNP.PCAP.PP.CD,,,,,,,,,,,,,,,,,,,,,,,,,,,,,,,1950,2100,2120,2290,2290,2360,2310,2120,2180,2290,2450,2540,2580,2670,2700,2870,2970,3040,3010,3190,3240,3390,3430,3460,3430,3970,3950,3940,3620,4170,4160,4400,4560,4660,4690
Gabon,GAB,"GNI per capita, PPP (current international $)",NY.GNP.PCAP.PP.CD,,,,,,,,,,,,,,,,,,,,,,,,,,,,,,,10790,11530,10810,11020,11690,12020,12370,12960,13500,12070,11400,11860,12160,12080,11540,12630,11840,12280,11820,11860,12170,12760,13160,13090,14080,13120,12910,13860,14410,14660,13690,16240,18620,19050,19540
United Kingdom,GBR,"GNI per capita, PPP (current international $)",NY.GNP.PCAP.PP.CD,,,,,,,,,,,,,,,,,,,,,,,,,,,,,,,17430,17820,18460,19310,20760,20000,21260,22730,23820,24410,26600,28070,29430,30660,32320,33070,34600,35200,36260,34730,36500,37380,37980,39240,40530,41600,43050,45620,46570,50010,47200,51310,58860,57650,60090
Georgia,GEO,"GNI per capita, PPP (current international $)",NY.GNP.PCAP.PP.CD,,,,,,,,,,,,,,,,,,,,,,,,,,,,,,,5850,4750,2630,1870,1730,1830,2200,2710,2940,3130,3200,3460,3730,4250,4700,5320,6100,6980,7250,7090,7580,8330,9960,10600,11620,11990,12470,13060,14460,16010,16000,17740,20900,23130,26570
Ghana,GHA,"GNI per capita, PPP (current international $)",NY.GNP.PCAP.PP.CD,,,,,,,,,,,,,,,,,,,,,,,,,,,,,,,1570,1660,1730,1800,1860,1930,2010,2080,2150,2220,2280,2370,2450,2560,2700,2890,3040,3230,3500,3610,3810,4280,4750,5070,5230,5040,4810,4920,5290,5760,6110,6410,7080,7070,7730
Gibraltar,GIB,"GNI per capita, PPP (current international $)",NY.GNP.PCAP.PP.CD,,,,,,,,,,,,,,,,,,,,,,,,,,,,,,,,,,,,,,,,,,,,,,,,,,,,,,,,,,,,,,,,,
Guinea,GIN,"GNI per capita, PPP (current international $)",NY.GNP.PCAP.PP.CD,,,,,,,,,,,,,,,,,,,,,,,,,,,,,,,840,850,880,930,960,1000,1030,1080,1100,1150,1180,1220,1310,1260,1300,1330,1440,1540,1590,1530,1600,1670,1760,1750,1830,1900,2230,2670,2800,3080,3300,3590,3990,3960,4200
"Gambia, The",GMB,"GNI per capita, PPP (current international $)",NY.GNP.PCAP.PP.CD,,,,,,,,,,,,,,,,,,,,,,,,,,,,,,,1330,1380,1410,1430,1420,1430,1450,1480,1500,1570,1640,1720,1630,1760,1940,1900,1880,1940,2050,2140,2220,2020,2020,1960,1890,1940,1970,2000,2240,2380,2490,2710,3020,3220,3400
Guinea-Bissau,GNB,"GNI per capita, PPP (current international $)",NY.GNP.PCAP.PP.CD,,,,,,,,,,,,,,,,,,,,,,,,,,,,,,,800,830,840,850,870,920,1020,1100,840,980,980,1030,1070,1070,1090,1170,1210,1240,1290,1300,1370,1450,1360,1410,1500,1770,1850,2100,1990,2270,2340,2510,2760,2920,3080
Equatorial Guinea,GNQ,"GNI per capita, PPP (current international $)",NY.GNP.PCAP.PP.CD,,,,,,,,,,,,,,,,,,,,,,,,,,,,,,,610,610,820,890,890,950,1520,3950,4370,5630,5070,5410,6790,6350,7850,11240,18510,21280,22620,19660,15360,17630,19900,19080,18480,14690,12900,13570,14100,12060,10310,12600,11840,12250,12330
Greece,GRC,"GNI per capita, PPP (current international $)",NY.GNP.PCAP.PP.CD,,,,,,,,,,,,,,,,,,,,,,,,,,,,,,,13590,14370,14740,14710,15250,15830,16390,17320,18120,18260,19650,21120,22610,23830,25160,25620,27500,28100,29480,29230,27220,24980,24640,25540,26400,26410,27190,28340,29240,31460,29230,33290,38460,39890,43100
Grenada,GRD,"GNI per capita, PPP (current international $)",NY.GNP.PCAP.PP.CD,,,,,,,,,,,,,,,,,,,,,,,,,,,,,,,4360,4620,4680,4610,4760,4860,5120,5430,6040,6480,6830,6700,6950,7750,7670,9610,9470,10150,10430,9460,9810,10160,10120,10860,11120,11670,12710,13430,14420,14800,13380,13950,16340,17020,18240
Greenland,GRL,"GNI per capita, PPP (current international $)",NY.GNP.PCAP.PP.CD,,,,,,,,,,,,,,,,,,,,,,,,,,,,,,,19010,19710,19150,18760,20440,21850,22830,23530,25660,26390,28930,29740,29820,28990,31260,34620,34610,40270,,,,,,,,,,,,,,,,,
Guatemala,GTM,"GNI per capita, PPP (current international $)",NY.GNP.PCAP.PP.CD,,,,,,,,,,,,,,,,,,,,,,,,,,,,,,,3230,3430,3570,3710,3840,4010,4070,4220,4390,4500,4660,4800,4890,5010,5170,5390,5700,6080,6330,6250,6340,6600,7110,7520,8020,8720,9000,9360,9740,10560,10750,11530,12730,13490,14170
Guam,GUM,"GNI per capita, PPP (current international $)",NY.GNP.PCAP.PP.CD,,,,,,,,,,,,,,,,,,,,,,,,,,,,,,,,,,,,,,,,,,,,,,,,,,,,,,,,,,,,,,,,,
Guyana,GUY,"GNI per capita, PPP (current international $)",NY.GNP.PCAP.PP.CD,,,,,,,,,,,,,,,,,,,,,,,,,,,,,,,2690,2810,3220,3700,4170,4490,5060,5390,5400,5580,5720,5950,6110,6240,6560,6690,7120,8080,8400,8780,9370,10040,10690,11280,11220,11470,11400,12030,12190,13030,16490,18310,24050,43650,52320
High income,HIC,"GNI per capita, PPP (current international $)",NY.GNP.PCAP.PP.CD,,,,,,,,,,,,,,,,,,,,,,,,,,,,,,,16866.58441,17424.04342,17925.6178,18427.17691,19190.05723,19959.44823,20807.66151,21771.18676,22452.31933,23421.53416,25014.39672,25924.44897,26809.25766,27875.69166,29584.15596,31212.35482,33546.61266,35369.57116,36619.04348,35712.34898,37283.17063,39037.60588,40190.46872,41617.32398,42684.70141,43142.0425,44318.03595,46309.94538,48565.24198,50953.62896,49846.58891,55512.90807,60969.9098,63333.08781,66338.40254
"Hong Kong SAR, China",HKG,"GNI per capita, PPP (current international $)",NY.GNP.PCAP.PP.CD,,,,,,,,,,,,,,,,,,,,,,,,,,,,,,,17740,19130,20580,22900,24170,24930,24880,26590,25610,26390,28450,29470,29800,31980,35270,38280,42730,46710,49590,47240,50240,53710,52900,54530,55640,57080,58190,61840,63800,64310,61580,70450,73140,77560,82340
Honduras,HND,"GNI per capita, PPP (current international $)",NY.GNP.PCAP.PP.CD,,,,,,,,,,,,,,,,,,,,,,,,,,,,,,,1920,1860,1950,2110,2100,2210,2220,2330,2390,2360,2510,2560,2610,2700,2850,3050,3270,3550,3690,3580,3580,3690,3740,3850,4100,4520,4820,5280,5190,5330,5000,5680,6260,6640,6900
Heavily indebted poor countries (HIPC),HPC,"GNI per capita, PPP (current international $)",NY.GNP.PCAP.PP.CD,,,,,,,,,,,,,,,,,,,,,,,,,,,,,,,1039.856707,1037.873769,1036.934621,1045.62602,1039.317413,1079.98726,1104.157354,1161.528076,1186.925185,1207.423449,1235.452674,1277.640686,1317.436606,1367.224974,1442.194433,1537.300833,1632.370642,1727.179466,1811.050273,1851.745898,1917.833469,1989.521319,2002.243026,2075.957737,2263.628234,2329.917431,2426.143996,2498.16155,2604.421989,2734.649997,2747.205501,2916.175407,3170.141099,3303.339561,3451.696575
Croatia,HRV,"GNI per capita, PPP (current international $)",NY.GNP.PCAP.PP.CD,,,,,,,,,,,,,,,,,,,,,,,,,,,,,,,,,,,,,,,,9730,10480,11410,12560,13250,14440,15090,17180,19130,20370,19600,19460,20580,20930,22010,22400,23720,25330,27800,29470,32960,32100,36750,41790,45440,48760
Haiti,HTI,"GNI per capita, PPP (current international $)",NY.GNP.PCAP.PP.CD,,,,,,,,,,,,,,,,,,,,,,,,,,,,,,,2190,2270,2150,2040,1810,1990,2070,2130,2150,2200,2230,2230,2240,2320,2320,2420,2510,2650,2730,2860,2700,2870,2840,3050,3090,3030,3260,3350,3210,3250,3110,3140,3270,3280,3180
Hungary,HUN,"GNI per capita, PPP (current international $)",NY.GNP.PCAP.PP.CD,,,,,,,,,,,,,,,,,,,,,,,,,,,,,,,8790,8040,8030,8230,8630,8810,8950,9250,9780,10190,11190,12470,13720,14610,15270,16030,17240,17650,19360,19800,20700,21920,22270,23910,24670,25680,27460,28570,31050,34780,34810,37730,42820,43980,46400
IBRD only,IBD,"GNI per capita, PPP (current international $)",NY.GNP.PCAP.PP.CD,,,,,,,,,,,,,,,,,,,,,,,,,,,,,,,2904.805286,3026.228649,3105.011905,3229.005542,3351.659562,3522.989897,3731.999488,3933.894559,3959.568722,4106.055621,4396.387153,4621.599475,4854.953945,5182.5161,5671.675448,6201.427392,6948.162131,7708.60691,8324.295503,8541.687639,9197.373085,9886.672613,10522.2586,11002.62801,11391.47215,11511.50914,11949.64868,12614.35009,13476.10053,14280.54546,14315.09027,16121.67216,17930.67986,19432.22566,20682.3722
IDA & IBRD total,IBT,"GNI per capita, PPP (current international $)",NY.GNP.PCAP.PP.CD,,,,,,,,,,,,,,,,,,,,,,,,,,,,,,,2577.783496,2678.750953,2743.02997,2843.381347,2940.011389,3082.472369,3252.961336,3417.503081,3438.860039,3557.911582,3793.416236,3976.522076,4162.483064,4427.471302,4826.273629,5260.27742,5861.117164,6468.394738,6952.255015,7121.976063,7632.595753,8166.585681,8658.29415,9041.033244,9366.820347,9464.682842,9801.609494,10315.42236,10971.05923,11588.95778,11595.57935,12950.30921,14335.61192,15436.66746,16353.15734
IDA total,IDA,"GNI per capita, PPP (current international $)",NY.GNP.PCAP.PP.CD,,,,,,,,,,,,,,,,,,,,,,,,,,,,,,,1317.090988,1349.413015,1373.456035,1399.385224,1412.450161,1466.979272,1513.250633,1561.365987,1596.258542,1641.30748,1703.885096,1767.819848,1819.167253,1902.733896,2030.378888,2186.117307,2345.228691,2502.356809,2615.820506,2694.046315,2815.653036,2937.92895,3057.11334,3203.791107,3404.835253,3503.975839,3618.919653,3778.592874,3941.013306,4141.084166,4184.19968,4446.076238,4852.652095,5066.581047,5289.483559
IDA blend,IDB,"GNI per capita, PPP (current international $)",NY.GNP.PCAP.PP.CD,,,,,,,,,,,,,,,,,,,,,,,,,,,,,,,,,,,,,,,,,,,,,,,,,3532.247302,3620.049623,3767.063048,3909.642691,4054.716098,4226.878983,4509.538796,4614.152927,4682.250627,4918.718408,4980.347924,5196.830191,5215.931546,5505.661474,6021.773172,6266.708262,6514.817648
Indonesia,IDN,"GNI per capita, PPP (current international $)",NY.GNP.PCAP.PP.CD,,,,,,,,,,,,,,,,,,,,,,,,,,,,,,,2890,3150,3370,3650,3990,4320,4680,4890,4110,4050,4330,4670,4920,5150,5440,5840,6300,6800,7300,7590,8130,8690,9260,9570,9730,9690,9930,10350,11030,11620,11410,12410,13900,15010,16010
IDA only,IDX,"GNI per capita, PPP (current international $)",NY.GNP.PCAP.PP.CD,,,,,,,,,,,,,,,,,,,,,,,,,,,,,,,970.8388785,987.4058272,1003.600412,1035.901158,1037.440261,1084.016427,1132.30803,1188.051428,1223.335231,1261.750122,1322.80439,1381.014615,1435.647502,1509.958074,1606.324873,1730.41524,1866.072978,2007.719658,2125.144016,2196.676426,2303.115971,2413.611972,2518.603366,2651.317139,2807.925777,2905.554321,3049.973443,3169.399537,3390.72682,3585.091716,3643.676442,3893.464381,4244.0842,4444.684062,4658.704199
Isle of Man,IMN,"GNI per capita, PPP (current international $)",NY.GNP.PCAP.PP.CD,,,,,,,,,,,,,,,,,,,,,,,,,,,,,,,,,,,,,,,,,,,,,,,,,,,,,,,,,,,,,,,,,
India,IND,"GNI per capita, PPP (current international $)",NY.GNP.PCAP.PP.CD,,,,,,,,,,,,,,,,,,,,,,,,,,,,,,,1200,1220,1290,1360,1450,1560,1680,1740,1840,1990,2070,2180,2260,2440,2660,2920,3200,3490,3610,3860,4160,4420,4760,4950,5130,5360,5730,6080,6640,7080,6870,7960,9080,10180,11000
Not classified,INX,"GNI per capita, PPP (current international $)",NY.GNP.PCAP.PP.CD,,,,,,,,,,,,,,,,,,,,,,,,,,,,,,,,,,,,,,,,,,,,,,,,,,,,,,,,,,,,,,,,,
Ireland,IRL,"GNI per capita, PPP (current international $)",NY.GNP.PCAP.PP.CD,,,,,,,,,,,,,,,,,,,,,,,,,,,,,,,12770,13430,13920,14630,15810,17310,18820,20450,22480,23590,26340,27830,29530,31280,33430,35050,38790,40450,38230,34640,36330,37140,37860,41160,44450,55650,59480,63120,65460,69420,71520,83550,93150,95120,99470
"Iran, Islamic Rep.",IRN,"GNI per capita, PPP (current international $)",NY.GNP.PCAP.PP.CD,,,,,,,,,,,,,,,,,,,,,,,,,,,,,,,7250,8240,8530,8570,8550,8830,9470,9670,9860,10080,10750,11090,12070,13220,13810,14380,15260,16710,16880,16890,17870,18500,16430,15650,15490,13700,14590,15090,14920,13350,14090,14950,16400,17620,18420
Iraq,IRQ,"GNI per capita, PPP (current international $)",NY.GNP.PCAP.PP.CD,,,,,,,,,,,,,,,,,,,,,,,,,,,,,,,,2650,3510,4510,4560,4600,5030,5940,7860,9030,10560,10640,9340,5970,9300,9550,10360,10960,11970,12010,12330,12900,14470,14600,13090,9250,8990,10110,11940,12190,10470,12610,14340,14710,14550
Iceland,ISL,"GNI per capita, PPP (current international $)",NY.GNP.PCAP.PP.CD,,,,,,,,,,,,,,,,,,,,,,,,,,,,,,,21150,21730,21290,21820,22730,23180,24070,26130,27960,28850,28840,30880,32470,32140,34060,35840,37310,39560,35660,34990,33710,36170,38330,44090,45410,49130,54530,55910,58160,62220,57640,61710,72850,78070,78080
Israel,ISR,"GNI per capita, PPP (current international $)",NY.GNP.PCAP.PP.CD,,,,,,,,,,,,,,,,,,,,,,,,,,,,,,,15300,16200,17210,17850,19060,20290,21330,21890,22530,22840,24660,25280,25710,24240,25700,25810,26590,28570,27910,27800,29270,31270,32050,34520,34960,35920,38220,39650,40540,41480,40910,45800,53520,53100,55250
Italy,ITA,"GNI per capita, PPP (current international $)",NY.GNP.PCAP.PP.CD,,,,,,,,,,,,,,,,,,,,,,,,,,,,,,,18440,19300,19860,20180,21020,22160,22870,23820,24940,25600,27040,28050,28700,29110,29540,30180,32590,34130,35100,34460,34900,36300,36240,36400,36670,37140,40590,42370,43850,47030,45000,50380,56770,57590,60460
Jamaica,JAM,"GNI per capita, PPP (current international $)",NY.GNP.PCAP.PP.CD,,,,,,,,,,,,,,,,,,,,,,,,,,,,,,,4370,4660,4930,5740,5720,5960,6170,6120,5990,6070,6210,6340,6430,6760,7020,7240,7710,8000,8140,7690,7780,8050,8260,8430,8550,8710,9000,9540,9660,9800,8700,9300,10570,11300,11410
Jordan,JOR,"GNI per capita, PPP (current international $)",NY.GNP.PCAP.PP.CD,,,,,,,,,,,,,,,,,,,,,,,,,,,,,,,4090,3850,4350,4460,4590,4820,4840,5020,5170,5300,5710,6060,6300,6580,7240,7900,8290,8700,9150,9430,9340,9550,9620,9720,9040,8870,8680,9220,9000,9430,9550,9140,9820,10330,10570
Japan,JPN,"GNI per capita, PPP (current international $)",NY.GNP.PCAP.PP.CD,,,,,,,,,,,,,,,,,,,,,,,,,,,,,,,20130,21360,21960,22440,23010,24060,25300,25960,25820,26050,27680,28380,29040,29870,31430,32880,34530,36090,36220,34390,36280,37270,38640,40760,41030,42520,42010,42980,43750,44350,43980,46470,50320,52860,55120
Kazakhstan,KAZ,"GNI per capita, PPP (current international $)",NY.GNP.PCAP.PP.CD,,,,,,,,,,,,,,,,,,,,,,,,,,,,,,,,,,6460,5830,5560,5780,6090,6200,6410,6960,8140,9120,9980,11030,11940,13240,14530,14770,15520,16200,17260,18480,21230,21500,21070,20770,21360,22010,25110,26480,28900,31830,34600,37870
Kenya,KEN,"GNI per capita, PPP (current international $)",NY.GNP.PCAP.PP.CD,,,,,,,,,,,,,,,,,,,,,,,,,,,,,,,1690,1710,1680,1660,1700,1780,1850,1850,1880,1890,1890,1940,1930,1960,2050,2190,2320,2470,2460,2170,2310,2460,2530,2750,2980,3320,3860,4100,4350,4610,4760,5260,5790,6200,6520
Kyrgyz Republic,KGZ,"GNI per capita, PPP (current international $)",NY.GNP.PCAP.PP.CD,,,,,,,,,,,,,,,,,,,,,,,,,,,,,,,,2380,2070,1790,1440,1370,1470,1600,1610,1640,1750,1910,1930,2090,2240,2300,2470,2730,2910,2980,2880,2930,3500,3770,4050,3990,4360,4710,4630,4860,5020,5350,6430,7200,7740
Cambodia,KHM,"GNI per capita, PPP (current international $)",NY.GNP.PCAP.PP.CD,,,,,,,,,,,,,,,,,,,,,,,,,,,,,,,1100,1180,1220,1530,950,990,980,980,990,1100,1210,1310,1380,1540,1710,1960,2210,2480,2670,2750,2900,3120,3450,3730,3940,4250,4560,4850,5390,5880,5750,5970,6650,7260,7820
Kiribati,KIR,"GNI per capita, PPP (current international $)",NY.GNP.PCAP.PP.CD,,,,,,,,,,,,,,,,,,,,,,,,,,,,,,,1470,1930,2100,2060,2120,2290,2010,2390,2640,2370,2560,2690,2560,2300,2290,2280,2410,2530,2490,2340,2480,2430,2790,3260,3730,4500,4130,4530,4620,5250,4630,4730,5080,5740,5990
St. Kitts and Nevis,KNA,"GNI per capita, PPP (current international $)",NY.GNP.PCAP.PP.CD,,,,,,,,,,,,,,,,,,,,,,,,,,,,,,,8780,8820,9190,9910,10530,11300,11860,12650,12360,12710,14160,15010,15300,14710,15950,18250,19640,20340,23040,22360,22800,23680,22780,24210,25110,25110,26630,28310,29540,32010,26610,26040,30850,33810,35130
"Korea, Rep.",KOR,"GNI per capita, PPP (current international $)",NY.GNP.PCAP.PP.CD,,,,,,,,,,,,,,,,,,,,,,,,,,,,,,,8350,9470,10170,11020,12160,13450,14640,15640,14780,16620,18410,19590,21320,22020,23730,25010,26810,28990,29950,29460,31780,32750,33910,34460,35500,38030,39720,41120,43220,44240,45540,48960,51980,53180,
Kuwait,KWT,"GNI per capita, PPP (current international $)",NY.GNP.PCAP.PP.CD,,,,,,,,,,,,,,,,,,,,,,,,,,,,,,,43700,34880,45690,56230,60820,67430,66270,69290,71540,65970,69130,66780,64950,74650,85190,94280,100620,101320,96920,85350,80700,83780,88080,82970,74910,50280,46750,53810,58160,57980,47570,58890,62840,63380,62460
Latin America & Caribbean (excluding high income),LAC,"GNI per capita, PPP (current international $)",NY.GNP.PCAP.PP.CD,,,,,,,,,,,,,,,,,,,,,,,,,,,,,,,6001.115345,6313.58738,6515.854748,6693.44458,7035.74275,7167.137702,7457.214043,7856.284355,8014.882852,8005.244493,8364.763879,8453.762512,8528.322408,8801.495172,9325.364303,9876.544884,10766.28157,11527.37299,12151.26677,11950.27315,12705.89322,13569.75311,13833.17214,14324.87011,14615.83978,14397.60626,14579.01419,15161.50852,15725.41933,16077.56963,15521.15657,17308.68677,19338.51083,20301.81904,21049.33934
Lao PDR,LAO,"GNI per capita, PPP (current international $)",NY.GNP.PCAP.PP.CD,,,,,,,,,,,,,,,,,,,,,,,,,,,,,,,1010,1060,1110,1180,1260,1340,1430,1490,1530,1660,1720,1830,1950,2030,2220,2460,2620,2920,3120,3390,3530,3820,4500,4940,5540,5820,6450,6760,7160,7300,7440,7620,8110,8610,9170
Lebanon,LBN,"GNI per capita, PPP (current international $)",NY.GNP.PCAP.PP.CD,,,,,,,,,,,,,,,,,,,,,,,,,,,,,,,3650,4620,5500,6000,6580,7080,7780,7790,7930,7890,8090,8250,8200,7440,9240,9930,10380,11700,12600,13500,14510,14880,16050,16240,15950,16870,18640,20880,21540,21190,15740,10650,11800,12530,
Liberia,LBR,"GNI per capita, PPP (current international $)",NY.GNP.PCAP.PP.CD,,,,,,,,,,,,,,,,,,,,,,,,,,,,,,,1080,1090,680,450,360,350,390,690,830,800,850,820,830,570,610,650,700,770,830,860,890,990,1050,1230,1270,1220,1370,1520,1570,1700,1510,1440,1590,1680,1760
Libya,LBY,"GNI per capita, PPP (current international $)",NY.GNP.PCAP.PP.CD,,,,,,,,,,,,,,,,,,,,,,,,,,,,,,,17090,19990,19480,18820,19230,19420,20120,20450,19980,17090,19120,18760,20320,23130,23780,26620,28920,31310,31060,29300,30220,15720,26270,21030,17690,18360,17220,18370,19120,16620,11150,12410,12190,13910,14050
St. Lucia,LCA,"GNI per capita, PPP (current international $)",NY.GNP.PCAP.PP.CD,,,,,,,,,,,,,,,,,,,,,,,,,,,,,,,6240,6390,7020,7050,7230,7350,7640,7600,8040,8290,8870,8630,8830,9210,9920,10130,11250,11580,12320,12190,12380,13300,13130,13180,13530,13160,14400,15180,16570,17590,14560,18450,22480,23850,25160
Latin America & Caribbean,LCN,"GNI per capita, PPP (current international $)",NY.GNP.PCAP.PP.CD,,,,,,,,,,,,,,,,,,,,,,,,,,,,,,,6054.253959,6402.781786,6638.187365,6826.905813,7138.860336,7310.851311,7595.499214,8011.984452,8175.793125,8151.301775,8518.923281,8635.11179,8656.900919,8883.966835,9486.027049,10096.63092,11062.03061,11889.40138,12501.28197,12268.35983,12989.14622,13849.562,14172.40242,14694.46641,15001.9192,14841.81708,15065.59363,15684.29656,16276.20937,16696.48463,16107.1747,17993.06949,20075.77578,21151.1954,21962.88377
Least developed countries: UN classification,LDC,"GNI per capita, PPP (current international $)",NY.GNP.PCAP.PP.CD,,,,,,,,,,,,,,,,,,,,,,,,,,,,,,,914.1241844,936.1635567,917.5735366,944.2752605,941.5455721,1009.504841,1057.500596,1115.832846,1146.318022,1174.579039,1231.610952,1293.50086,1355.466684,1422.062741,1516.152841,1641.336845,1775.572703,1920.988446,2036.115437,2112.417745,2209.527655,2296.564306,2381.742439,2497.792317,2655.030779,2727.570154,2856.236583,2964.42536,3191.098793,3388.128878,3436.898484,3661.115936,4007.753304,4198.985324,4378.802634
Low income,LIC,"GNI per capita, PPP (current international $)",NY.GNP.PCAP.PP.CD,,,,,,,,,,,,,,,,,,,,,,,,,,,,,,,807.4906395,804.06134,819.1588948,824.9379498,822.6409817,854.9143316,895.6789189,958.2971798,991.6849707,1001.136163,1033.552259,1077.476518,1118.569816,1173.558239,1232.702071,1313.61388,1392.43215,1475.71568,1528.363067,1561.306886,1617.205929,1614.691681,1548.906869,1598.250967,1713.846599,1771.759032,1846.437634,1860.90378,1916.326677,1982.184577,1938.805081,2040.253643,2187.022704,2206.002288,2261.191613
Liechtenstein,LIE,"GNI per capita, PPP (current international $)",NY.GNP.PCAP.PP.CD,,,,,,,,,,,,,,,,,,,,,,,,,,,,,,,,,,,,,,,,,,,,,,,,,,,,,,,,,,,,,,,,,
Sri Lanka,LKA,"GNI per capita, PPP (current international $)",NY.GNP.PCAP.PP.CD,,,,,,,,,,,,,,,,,,,,,,,,,,,,,,,2510,2700,2850,3070,3240,3420,3540,3770,3900,4050,4300,4260,4460,4810,5170,5620,6190,6760,7170,7500,8150,8990,10070,11000,11460,11940,12750,13280,13820,13720,12590,13990,13830,14020,15240
Lower middle income,LMC,"GNI per capita, PPP (current international $)",NY.GNP.PCAP.PP.CD,,,,,,,,,,,,,,,,,,,,,,,,,,,,,,,1493.534611,1544.522881,1596.396654,1654.715546,1734.531415,1844.363573,1952.813791,2028.539569,2118.605258,2236.817328,2328.281563,2439.169089,2521.525275,2679.398305,2894.84456,3140.667452,3413.236857,3696.95558,3858.095943,4046.089346,4288.681586,4514.85159,4857.470862,5068.170236,5271.605335,5474.410989,5740.223283,6059.650667,6509.294072,6913.957911,6868.372868,7560.368597,8507.434546,9263.713141,9883.304373
Low & middle income,LMY,"GNI per capita, PPP (current international $)",NY.GNP.PCAP.PP.CD,,,,,,,,,,,,,,,,,,,,,,,,,,,,,,,2284.686903,2402.848145,2508.607855,2627.965107,2750.016528,2894.809479,3076.257616,3241.527212,3271.740269,3386.084765,3598.501963,3766.778295,3945.94979,4197.763681,4570.914726,4972.110776,5497.842964,6064.093991,6461.909593,6673.337746,7173.613352,7661.727773,8133.602931,8492.727531,8822.183502,8950.821839,9285.627565,9759.312201,10359.65183,10922.28799,10917.78025,12135.85182,13484.43139,14534.99304,15393.95594
Lesotho,LSO,"GNI per capita, PPP (current international $)",NY.GNP.PCAP.PP.CD,,,,,,,,,,,,,,,,,,,,,,,,,,,,,,,1230,1270,1300,1300,1370,1390,1480,1530,1510,1570,1620,1950,2010,2120,2140,2180,2260,2690,2800,2680,2770,2730,2680,2920,3090,3390,3340,2970,3130,3060,3040,2970,3320,3500,3580
Late-demographic dividend,LTE,"GNI per capita, PPP (current international $)",NY.GNP.PCAP.PP.CD,,,,,,,,,,,,,,,,,,,,,,,,,,,,,,,2862.491969,2943.418324,3007.613051,3188.105087,3365.611607,3603.666262,3820.708099,4056.709558,4152.234589,4343.717766,4735.400216,5050.189093,5412.463295,5888.907322,6516.449785,7212.949213,8238.661934,9293.336962,10232.79547,10585.99406,11483.76833,12519.81203,13442.80225,14191.91792,14811.86483,14871.58499,15378.87007,16294.68099,17560.85,18858.56192,19136.84073,21724.01643,23925.50917,25882.13752,27733.82581
Lithuania,LTU,"GNI per capita, PPP (current international $)",NY.GNP.PCAP.PP.CD,,,,,,,,,,,,,,,,,,,,,,,,,,,,,,,8250,8030,6490,5590,5180,5960,6350,6970,7620,7670,8310,9330,10390,11790,12790,14270,16110,18370,20080,18580,19700,22030,23800,25990,27680,27830,29690,32390,35390,39310,40160,44340,48510,49360,53070
Luxembourg,LUX,"GNI per capita, PPP (current international $)",NY.GNP.PCAP.PP.CD,,,,,,,,,,,,,,,,,,,,,,,,,,,,,,,29850,33320,34060,35170,35450,37320,38620,41050,41490,45980,48770,50000,49410,48740,58380,62650,63160,72380,71210,55400,61400,65490,74230,72410,76490,69430,75120,82300,83480,83210,84630,92640,92780,98850,106980
Latvia,LVA,"GNI per capita, PPP (current international $)",NY.GNP.PCAP.PP.CD,,,,,,,,,,,,,,,,,,,,,,,,,,,,,,,7820,7100,5010,4980,5280,5380,5670,6360,6920,7130,7830,8890,9770,10510,11510,13200,14630,16740,18390,17750,17520,18600,20340,21800,23000,24010,25770,27570,29330,31740,32760,36220,39260,40510,43130
"Macao SAR, China",MAC,"GNI per capita, PPP (current international $)",NY.GNP.PCAP.PP.CD,,,,,,,,,,,,,,,,,,,,,,,,,,,,,,,28090,28700,31610,32630,33500,33840,33200,33410,31610,30280,31740,35960,39210,43490,53310,56360,59850,74100,67330,70600,88050,103640,112030,124350,121920,97300,97310,107670,114520,111390,68120,73970,75870,113490,
St. Martin (French part),MAF,"GNI per capita, PPP (current international $)",NY.GNP.PCAP.PP.CD,,,,,,,,,,,,,,,,,,,,,,,,,,,,,,,,,,,,,,,,,,,,,,,,,,,,,,,,,,,,,,,,,
Morocco,MAR,"GNI per capita, PPP (current international $)",NY.GNP.PCAP.PP.CD,,,,,,,,,,,,,,,,,,,,,,,,,,,,,,,2710,2940,2910,2890,3230,3060,3470,3420,3680,3740,3860,4200,4380,4680,4980,5250,5750,6040,6420,6540,6760,7160,7170,7450,7090,7680,7740,7990,7680,7930,7630,8500,9150,9700,10150
Monaco,MCO,"GNI per capita, PPP (current international $)",NY.GNP.PCAP.PP.CD,,,,,,,,,,,,,,,,,,,,,,,,,,,,,,,,,,,,,,,,,,,,,,,,,,,,,,,,,,,,,,,,,
Moldova,MDA,"GNI per capita, PPP (current international $)",NY.GNP.PCAP.PP.CD,,,,,,,,,,,,,,,,,,,,,,,,,,,,,,,6930,6010,4360,4420,3100,3120,3110,3220,3010,2980,3170,3520,3940,4350,4880,5420,5790,6030,6660,6100,6790,7310,7940,9020,9400,9730,10900,11910,12430,14120,13990,15990,16520,18030,18880
Madagascar,MDG,"GNI per capita, PPP (current international $)",NY.GNP.PCAP.PP.CD,,,,,,,,,,,,,,,,,,,,,,,,,,,,,,,1120,1040,1060,1070,1060,1060,1080,1120,1140,1180,1220,1280,1090,1200,1260,1310,1380,1480,1560,1460,1440,1450,1420,1420,1460,1450,1510,1510,1500,1560,1450,1550,1680,1770,1830
Maldives,MDV,"GNI per capita, PPP (current international $)",NY.GNP.PCAP.PP.CD,,,,,,,,,,,,,,,,,,,,,,,,,,,,,,,4080,4010,4260,4410,4860,5910,6360,6840,7310,7730,8120,8000,8600,9720,10460,9450,11760,10910,12060,10920,11250,12260,12660,13570,15110,16440,17270,18230,19900,20820,12320,17110,20250,21890,23630
"Middle East, North Africa, Afghanistan & Pakistan",MEA,"GNI per capita, PPP (current international $)",NY.GNP.PCAP.PP.CD,,,,,,,,,,,,,,,,,,,,,,,,,,,,,,,5859.206457,6165.195691,6466.994361,6548.458451,6629.280728,6825.529001,7105.873422,7342.741334,7592.129478,7649.871719,8143.192017,8315.540657,8404.585884,8727.309192,9492.913569,10039.96885,10749.46202,11385.2251,11752.12212,11633.9568,12061.47396,12485.31654,12885.17022,12838.624,12736.42686,11759.68535,11659.89769,12178.80886,12836.76316,12796.19947,12069.08717,13358.57387,14920.12412,15484.18607,15870.17172
Mexico,MEX,"GNI per capita, PPP (current international $)",NY.GNP.PCAP.PP.CD,,,,,,,,,,,,,,,,,,,,,,,,,,,,,,,8360,8890,9280,8840,9250,8620,9190,9930,10500,10800,11470,11530,11620,11930,12540,13070,14320,14790,15470,14960,15730,17010,17630,17640,18370,18600,19580,19970,20380,20370,18730,20250,22840,24240,24920
Marshall Islands,MHL,"GNI per capita, PPP (current international $)",NY.GNP.PCAP.PP.CD,,,,,,,,,,,,,,,,,,,,,,,,,,,,,,,2630,2660,2880,3090,3310,3630,3150,2980,3060,3110,3250,3490,3540,3560,3660,3920,3940,4220,4030,4110,4260,4280,4160,4580,4810,5440,5530,5770,6370,7340,7290,7350,8420,9000,9720
Middle income,MIC,"GNI per capita, PPP (current international $)",NY.GNP.PCAP.PP.CD,,,,,,,,,,,,,,,,,,,,,,,,,,,,,,,2381.812995,2507.967372,2620.586592,2748.921234,2880.552029,3034.458465,3227.338337,3401.688265,3433.795942,3557.602591,3784.889386,3964.513077,4156.994674,4427.097733,4827.675399,5257.793329,5823.679432,6434.205888,6866.088076,7098.789278,7643.052711,8179.926967,8705.13555,9098.476954,9455.135113,9598.980164,9967.504888,10493.7094,11157.84665,11783.02221,11798.41801,13143.61132,14632.9339,15811.66795,16779.24152
North Macedonia,MKD,"GNI per capita, PPP (current international $)",NY.GNP.PCAP.PP.CD,,,,,,,,,,,,,,,,,,,,,,,,,,,,,,,5280,5180,4880,4730,4810,4870,4970,5150,5370,5620,6040,6010,6320,6530,7190,7830,8850,9190,10790,11440,11830,12200,12450,13340,14210,14560,15800,16480,17690,19290,19210,21170,23030,23140,25210
Mali,MLI,"GNI per capita, PPP (current international $)",NY.GNP.PCAP.PP.CD,,,,,,,,,,,,,,,,,,,,,,,,,,,,,,,820,930,900,940,960,970,1030,1070,1140,1190,1190,1320,1320,1460,1470,1580,1670,1730,1820,1840,1930,1990,1940,2010,2120,2290,2480,2540,2620,2720,2630,2700,2900,3050,3210
Malta,MLT,"GNI per capita, PPP (current international $)",NY.GNP.PCAP.PP.CD,,,,,,,,,,,,,,,,,,,,,,,,,,,,,,,10780,11390,11930,12520,13160,14190,14770,15620,16060,17170,17720,18730,19860,20920,21680,21270,22360,24370,25980,24970,27210,28210,29230,30650,32580,35720,36440,42380,43750,46550,44200,49640,51930,54540,57860
Myanmar,MMR,"GNI per capita, PPP (current international $)",NY.GNP.PCAP.PP.CD,,,,,,,,,,,,,,,,,,,,,,,,,,,,,,,440,440,490,530,570,620,660,700,740,820,950,1070,1200,1380,1600,1860,2150,2460,2750,3040,3350,3580,3690,4010,4180,4300,4340,4560,5430,5900,5630,5100,5630,5840,5920
"Middle East, North Africa, Afghanistan & Pakistan (excluding high income)",MNA,"GNI per capita, PPP (current international $)",NY.GNP.PCAP.PP.CD,,,,,,,,,,,,,,,,,,,,,,,,,,,,,,,3640.719716,3923.346705,4096.27295,4138.269332,4185.544627,4290.906331,4516.519825,4632.64103,4841.740183,4973.723202,5294.161001,5463.086262,5601.794629,5737.26645,6217.143767,6567.942632,7008.506366,7493.014114,7717.219475,7768.293564,8033.557832,8041.203265,8243.258831,8210.05459,8102.538506,7810.934577,7932.107775,8249.974434,8587.761178,8558.129807,8625.205787,9154.585187,10070.65097,10520.39286,10809.26893
Montenegro,MNE,"GNI per capita, PPP (current international $)",NY.GNP.PCAP.PP.CD,,,,,,,,,,,,,,,,,,,,,,,,,,,,,,,,,,,,,,6090,6480,5970,6310,7110,7500,7770,8250,8410,10630,12610,14020,13050,13540,14580,14080,15130,15530,16630,18270,19970,21620,24230,21160,24330,28150,30890,33280
Mongolia,MNG,"GNI per capita, PPP (current international $)",NY.GNP.PCAP.PP.CD,,,,,,,,,,,,,,,,,,,,,,,,,,,,,,,3420,3180,2890,2830,2960,3170,3270,3410,3560,3660,3720,3880,4070,4370,4910,5300,5900,6520,7070,6820,6920,8130,9370,9850,10010,9590,9650,9540,11160,12100,12400,12630,14830,16030,16930
Northern Mariana Islands,MNP,"GNI per capita, PPP (current international $)",NY.GNP.PCAP.PP.CD,,,,,,,,,,,,,,,,,,,,,,,,,,,,,,,,,,,,,,,,,,,,,,,,,,,,,,,,,,,,,,,,,
Mozambique,MOZ,"GNI per capita, PPP (current international $)",NY.GNP.PCAP.PP.CD,,,,,,,,,,,,,,,,,,,,,,,,,,,,,,,,310,280,310,310,310,340,380,410,460,460,510,520,600,660,690,750,810,870,930,970,1050,1070,1110,1150,1290,1350,1250,1300,1360,1380,1430,1460,1530,1510
Mauritania,MRT,"GNI per capita, PPP (current international $)",NY.GNP.PCAP.PP.CD,,,,,,,,,,,,,,,,,,,,,,,,,,,,,,,2000,2050,2050,2120,2030,2220,2460,2340,2390,2450,2320,2240,2370,2520,2640,2870,3280,3230,3220,3190,3140,3190,3360,3720,3720,3860,4600,5280,5400,5540,5670,5740,6450,6950,7200
Mauritius,MUS,"GNI per capita, PPP (current international $)",NY.GNP.PCAP.PP.CD,,,,,,,,,,,,,,,,,,,,,,,,,,,,,,,4970,5360,5770,6120,6370,6740,7130,7620,8070,8310,9110,9610,9850,10480,11190,11690,12640,13930,14760,15030,15910,16560,17860,18730,19620,20690,22340,23500,24520,25380,22890,25280,29260,31670,34340
Malawi,MWI,"GNI per capita, PPP (current international $)",NY.GNP.PCAP.PP.CD,,,,,,,,,,,,,,,,,,,,,,,,,,,,,,,670,730,670,750,690,830,880,920,930,950,970,920,920,970,1020,1060,1120,1230,1310,1380,1440,1500,1440,1530,1480,1370,1410,1350,1320,1420,1470,1640,1720,1780,1790
Malaysia,MYS,"GNI per capita, PPP (current international $)",NY.GNP.PCAP.PP.CD,,,,,,,,,,,,,,,,,,,,,,,,,,,,,,,6590,7200,7790,8590,9330,10220,11160,11800,10780,11150,11970,12120,12760,13610,14620,15650,16920,18230,18900,18550,19550,20820,21800,22390,23500,23860,24590,25670,26930,28180,26920,29010,33280,35360,37500
North America,NAC,"GNI per capita, PPP (current international $)",NY.GNP.PCAP.PP.CD,,,,,,,,,,,,,,,,,,,,,,,,,,,,,,,23577.4477,23978.82276,24979.09241,25933.17478,27192.66122,28191.5286,29408.26055,30848.53668,32182.18969,33870.42165,35697.07102,36535.01265,37376.11611,38895.28006,41125.8571,43515.76933,45581.69991,47449.4937,48139.09677,46751.67207,48321.55551,49809.26541,51367.72362,52991.40666,54807.49366,56184.44437,57413.40817,59617.29271,62280.79838,64431.30631,63315.24746,70192.22437,76682.51732,80558.27881,83659.10465
Namibia,NAM,"GNI per capita, PPP (current international $)",NY.GNP.PCAP.PP.CD,,,,,,,,,,,,,,,,,,,,,,,,,,,,,,,3940,4340,4500,4370,4400,4650,4640,4780,4900,4880,5150,5180,5510,5960,6560,6660,7310,7630,7890,7830,8090,8630,8990,9670,10310,10450,10000,9710,9490,9370,9320,9340,10190,10710,11300
New Caledonia,NCL,"GNI per capita, PPP (current international $)",NY.GNP.PCAP.PP.CD,,,,,,,,,,,,,,,,,,,,,,,,,,,,,,,,,,,,,,,,,,,,,,,,,,,,,,,,,,,,,,,,,
Niger,NER,"GNI per capita, PPP (current international $)",NY.GNP.PCAP.PP.CD,,,,,,,,,,,,,,,,,,,,,,,,,,,,,,,740,740,750,750,750,760,760,760,830,810,800,850,870,880,880,940,990,1010,1070,1050,1120,1130,1200,1180,1210,1230,1230,1250,1330,1480,1430,1610,1680,1850,1990
Nigeria,NGA,"GNI per capita, PPP (current international $)",NY.GNP.PCAP.PP.CD,,,,,,,,,,,,,,,,,,,,,,,,,,,,,,,,,,,,,,,,,,,,,,,,,3790,3980,4230,4420,4510,4730,5080,5060,4940,4890,4950,5260,5290,5380,5790,6020,6210
Nicaragua,NIC,"GNI per capita, PPP (current international $)",NY.GNP.PCAP.PP.CD,,,,,,,,,,,,,,,,,,,,,,,,,,,,,,,1970,1790,1750,1770,1810,1990,2150,2270,2400,2560,2700,2780,2830,2930,3150,3370,3540,3790,3940,3760,3930,4210,4330,4480,4880,5240,5600,5900,5640,5760,5880,6750,7200,7940,8270
Netherlands,NLD,"GNI per capita, PPP (current international $)",NY.GNP.PCAP.PP.CD,,,,,,,,,,,,,,,,,,,,,,,,,,,,,,,18640,19670,20220,20970,22070,23300,24530,25940,27220,29130,31630,32420,33570,33860,35450,37250,40920,43640,44410,43320,45070,46940,47220,49340,49300,50200,51590,55010,58460,60990,60640,69410,76020,77650,83040
Norway,NOR,"GNI per capita, PPP (current international $)",NY.GNP.PCAP.PP.CD,,,,,,,,,,,,,,,,,,,,,,,,,,,,,,,17930,18950,20180,21080,22630,24050,26510,28300,27880,30310,36480,37850,38160,38900,42750,48490,54410,56010,61800,55930,58850,63060,66330,68090,68420,63260,61860,66940,73090,73110,69890,88780,123270,105610,105770
Nepal,NPL,"GNI per capita, PPP (current international $)",NY.GNP.PCAP.PP.CD,,,,,,,,,,,,,,,,,,,,,,,,,,,,,,,830,890,920,950,1030,1060,1110,1160,1190,1240,1320,1390,1390,1450,1540,1630,1730,1830,1960,2050,2160,2260,2480,2680,2940,3000,3010,3640,3980,4300,4290,4570,5130,5460,5830
Nauru,NRU,"GNI per capita, PPP (current international $)",NY.GNP.PCAP.PP.CD,,,,,,,,,,,,,,,,,,,,,,,,,,,,,,,19680,16100,13550,11540,11300,10590,9490,8770,7830,7420,7080,6790,6220,6360,6330,6350,7150,5960,6740,6670,6850,8130,9950,10680,12120,13780,14210,13670,13070,15050,16450,18330,21910,23720,23210
New Zealand,NZL,"GNI per capita, PPP (current international $)",NY.GNP.PCAP.PP.CD,,,,,,,,,,,,,,,,,,,,,,,,,,,,,,,14250,13580,13970,14810,15950,16760,17070,17980,18440,19350,20280,21380,22130,22850,23680,24020,25880,27260,27730,29500,29740,31260,31680,34830,35830,36320,38680,40640,40970,44050,44460,46690,51880,52000,53160
OECD members,OED,"GNI per capita, PPP (current international $)",NY.GNP.PCAP.PP.CD,,,,,,,,,,,,,,,,,,,,,,,,,,,,,,,16654.8965,17250.70838,17866.11717,18371.79679,19172.55433,19878.35612,20774.54811,21744.21619,22326.70747,23214.64252,24668.90043,25437.38629,26206.48358,27023.42967,28502.22396,29875.67036,31837.78284,33384.98651,34215.30308,33364.49623,34729.41488,36194.30382,37162.17208,38520.49942,39671.74499,40750.43676,42148.88938,43819.82303,45515.48726,47537.71421,46539.19531,51031.35149,56484.75686,58540.07164,61151.35213
Oman,OMN,"GNI per capita, PPP (current international $)",NY.GNP.PCAP.PP.CD,,,,,,,,,,,,,,,,,,,,,,,,,,,,,,,26290,27710,28940,30150,31010,32750,33690,35710,35520,35430,37960,40070,39770,40040,41560,42420,45370,47820,50750,52220,52610,49600,47410,45320,42190,35020,32420,32400,35750,34660,32570,36050,39000,39790,38840
Other small states,OSS,"GNI per capita, PPP (current international $)",NY.GNP.PCAP.PP.CD,,,,,,,,,,,,,,,,,,,,,,,,,,,,,,,7104.550536,7237.84305,7188.35184,7356.105043,7615.172433,8034.712049,8335.229677,8853.730238,9081.913452,9252.583864,9863.06262,10363.66411,10832.44007,11308.48794,11936.25325,12649.4372,13877.25017,14950.42802,15723.88637,15070.25947,15474.58272,16547.09467,16987.5322,17287.74815,17555.70071,17599.32407,18328.43843,19593.54516,20518.52165,22160.67356,20985.36667,22973.49089,25314.76371,26479.91168,27967.6422
Pakistan,PAK,"GNI per capita, PPP (current international $)",NY.GNP.PCAP.PP.CD,,,,,,,,,,,,,,,,,,,,,,,,,,,,,,,1870,1960,2100,2120,2180,2270,2350,2350,2360,2430,2510,2580,2620,2770,3000,3240,3460,3600,3650,3690,3720,3830,3990,4110,4250,4410,4550,4720,4900,4950,4960,5300,5840,5930,6140
Panama,PAN,"GNI per capita, PPP (current international $)",NY.GNP.PCAP.PP.CD,,,,,,,,,,,,,,,,,,,,,,,,,,,,,,,4930,5340,5860,6310,6550,6500,6250,6620,7060,7290,7720,7800,8190,8280,8940,9770,10870,12560,13840,14000,14380,16540,18190,20570,22310,25560,28180,31550,29900,31180,26190,29100,34600,37880,39290
Peru,PER,"GNI per capita, PPP (current international $)",NY.GNP.PCAP.PP.CD,,,,,,,,,,,,,,,,,,,,,,,,,,,,,,,3160,3390,3370,3540,3960,4250,4420,4720,4710,4760,4900,5000,5270,5480,5730,6150,6630,7370,8210,8360,9000,9690,10080,10710,11000,11200,11570,12010,12430,13070,12230,14100,15540,16100,16770
Philippines,PHL,"GNI per capita, PPP (current international $)",NY.GNP.PCAP.PP.CD,,,,,,,,,,,,,,,,,,,,,,,,,,,,,,,2570,2610,2650,2720,2870,3010,3190,3380,3600,3660,3680,3800,3920,4120,4410,4710,5000,5370,5630,5750,6110,6320,6770,7120,7460,7680,8200,8630,9250,9820,8860,9170,10730,12190,13330
Palau,PLW,"GNI per capita, PPP (current international $)",NY.GNP.PCAP.PP.CD,,,,,,,,,,,,,,,,,,,,,,,,,,,,,,,10770,11420,10670,9360,10010,11060,12110,12280,12390,11660,9460,10250,10710,10780,11550,12280,12790,13460,13250,13060,13300,14460,14850,14940,15640,16850,16810,17100,17410,18100,17770,16310,16780,16500,
Papua New Guinea,PNG,"GNI per capita, PPP (current international $)",NY.GNP.PCAP.PP.CD,,,,,,,,,,,,,,,,,,,,,,,,,,,,,,,1660,1830,1980,2310,2440,2350,2430,2330,2180,2160,2110,2060,2020,1980,2060,2220,2220,2440,2450,2500,2700,2640,2870,2860,3440,3430,3640,3740,3690,3770,3780,3730,4160,4320,4610
Poland,POL,"GNI per capita, PPP (current international $)",NY.GNP.PCAP.PP.CD,,,,,,,,,,,,,,,,,,,,,,,,,,,,,,,5860,5720,5920,6320,6860,7680,8290,8940,9490,10030,10670,11130,11750,12190,12990,13660,14820,16260,17990,18690,20300,22000,22830,23540,24480,25980,27250,28890,30980,34400,35720,39260,44270,44980,48680
Pre-demographic dividend,PRE,"GNI per capita, PPP (current international $)",NY.GNP.PCAP.PP.CD,,,,,,,,,,,,,,,,,,,,,,,,,,,,,,,,,,,,,,,,,,,,,,,,,2824.812497,2882.044077,2996.097162,3105.270021,3204.37482,3319.308506,3464.316173,3313.239552,3341.761507,3415.877949,3592.495983,3752.296761,3647.813007,3898.178739,4234.152885,4371.278623,4492.952399
Puerto Rico (US),PRI,"GNI per capita, PPP (current international $)",NY.GNP.PCAP.PP.CD,,,,,,,,,,,,,,,,,,,,,,,,,,,,,,,9470,9950,10240,10820,11250,11820,12230,12950,13290,14410,15400,15840,16030,16480,18710,19190,19860,20720,20610,20150,20200,20760,21500,21720,21750,21760,21630,21270,22570,24380,25140,27960,31310,32830,34130
"Korea, Dem. People's Rep.",PRK,"GNI per capita, PPP (current international $)",NY.GNP.PCAP.PP.CD,,,,,,,,,,,,,,,,,,,,,,,,,,,,,,,,,,,,,,,,,,,,,,,,,,,,,,,,,,,,,,,,,
Portugal,PRT,"GNI per capita, PPP (current international $)",NY.GNP.PCAP.PP.CD,,,,,,,,,,,,,,,,,,,,,,,,,,,,,,,11770,12750,13260,13290,13610,14510,15000,15760,16640,17660,18570,19200,20050,20640,21210,22420,23980,25000,25770,25550,26420,26330,25880,27560,28170,28850,30870,32230,34070,36970,35450,38270,43750,46170,49690
Paraguay,PRY,"GNI per capita, PPP (current international $)",NY.GNP.PCAP.PP.CD,,,,,,,,,,,,,,,,,,,,,,,,,,,,,,,5210,5160,5320,5950,5860,6280,6700,6690,6640,6490,6060,6160,6350,6190,6660,6980,7720,8670,9380,9280,10320,10950,10460,11620,12110,12170,12840,13500,13650,13720,13820,14830,15810,16920,17900
West Bank and Gaza,PSE,"GNI per capita, PPP (current international $)",NY.GNP.PCAP.PP.CD,,,,,,,,,,,,,,,,,,,,,,,,,,,,,,,,,,,2470,2600,2540,2860,3330,3570,3090,2710,2310,2610,3160,3590,3610,3800,4040,4200,4360,4780,5560,5720,5950,6480,6810,6910,7280,7520,6910,6800,7620,7180,5310
Pacific island small states,PSS,"GNI per capita, PPP (current international $)",NY.GNP.PCAP.PP.CD,,,,,,,,,,,,,,,,,,,,,,,,,,,,,,,2901.537673,2929.823942,3063.083128,3153.513399,3209.245054,3410.815816,3551.13202,3508.64556,3537.055538,3708.361071,3795.137662,3824.916842,3950.184979,4007.020722,4247.107796,4446.551321,4473.198214,4582.933187,4695.356561,4704.789139,4808.623761,4993.164424,5174.184122,5557.536921,6093.430945,6480.473838,6605.372849,6803.56072,7002.05731,7039.434055,6362.239011,6220.971686,7356.152048,7966.957906,8270.789391
Post-demographic dividend,PST,"GNI per capita, PPP (current international $)",NY.GNP.PCAP.PP.CD,,,,,,,,,,,,,,,,,,,,,,,,,,,,,,,18067.60789,18704.06946,19330.15999,19866.71887,20738.09169,21531.12585,22452.81979,23474.73542,24270.86484,25353.4332,26972.96442,27949.488,28879.06702,29877.29276,31551.63359,33111.55416,35234.08632,36962.84847,37841.30128,36883.01906,38360.00596,39842.74264,40883.65184,42430.24202,43578.36237,44655.96391,46170.67363,48110.36114,50143.87663,52603.41906,51590.42673,56714.4259,62277.9923,64691.34575,67663.03586
French Polynesia,PYF,"GNI per capita, PPP (current international $)",NY.GNP.PCAP.PP.CD,,,,,,,,,,,,,,,,,,,,,,,,,,,,,,,,,,,,,,,,,,,,,,,,,,,,,,,,,,,,,,,,,
Qatar,QAT,"GNI per capita, PPP (current international $)",NY.GNP.PCAP.PP.CD,,,,,,,,,,,,,,,,,,,,,,,,,,,,,,,57330,56350,62150,60850,61150,62080,64150,81530,83820,83880,81850,86200,88860,92450,103120,100460,120330,117460,118620,113780,135960,160810,169200,160380,141700,100290,89280,99100,107780,104810,80420,115040,118630,125240,121930
Romania,ROU,"GNI per capita, PPP (current international $)",NY.GNP.PCAP.PP.CD,,,,,,,,,,,,,,,,,,,,,,,,,,,,,,,5260,4790,4500,4670,4970,5390,5700,5510,5480,5530,5810,6480,7090,7380,8610,9320,11170,13260,16410,16420,17270,18710,19620,19390,20540,21400,23580,26560,29150,33290,34010,37070,40940,44640,47420
Russian Federation,RUS,"GNI per capita, PPP (current international $)",NY.GNP.PCAP.PP.CD,,,,,,,,,,,,,,,,,,,,,,,,,,,,,,,8010,7840,6800,6350,5710,5570,5440,5580,5230,5680,6650,7260,7880,8970,10010,11540,14480,16280,19600,18760,19860,22120,23530,25120,24840,23330,23340,25090,27930,29990,30750,37730,40100,43690,46780
Rwanda,RWA,"GNI per capita, PPP (current international $)",NY.GNP.PCAP.PP.CD,,,,,,,,,,,,,,,,,,,,,,,,,,,,,,,550,540,570,520,310,520,490,500,520,550,600,660,750,760,820,910,990,1070,1180,1230,1300,1400,1440,1490,1640,1750,1820,1910,2050,2260,2230,2680,3030,3330,3620
South Asia,SAS,"GNI per capita, PPP (current international $)",NY.GNP.PCAP.PP.CD,,,,,,,,,,,,,,,,,,,,,,,,,,,,,,,1184.569017,1214.208865,1282.288838,1349.612967,1438.673936,1545.614689,1655.504212,1722.205587,1810.769069,1952.311407,2034.434833,2140.288218,2221.350583,2393.290311,2602.291938,2845.218875,3118.29602,3407.935943,3540.417315,3777.706989,4064.442441,4322.23288,4686.572203,4891.186964,5084.073768,5318.565459,5689.127397,6032.892187,6603.866306,7048.789647,6912.181935,7968.647354,9048.771964,10085.81327,10871.60852
Saudi Arabia,SAU,"GNI per capita, PPP (current international $)",NY.GNP.PCAP.PP.CD,,,,,,,,,,,,,,,,,,,,,,,,,,,,,,,49350,51820,52350,50960,49440,48990,49320,49610,49790,48350,48770,47250,45420,47790,51320,53620,55190,55880,58250,55890,60470,65640,66750,63920,64410,55590,51050,53970,59930,60110,48210,63440,72470,72020,71600
Sudan,SDN,"GNI per capita, PPP (current international $)",NY.GNP.PCAP.PP.CD,,,,,,,,,,,,,,,,,,,,,,,,,,,,,,,1350,1370,1510,1620,1680,1780,1930,2290,2350,2370,2480,2670,2770,2930,3080,3280,3480,3690,3750,3620,3540,3830,3510,3480,4180,4120,4380,4080,3960,3720,3170,3120,3290,2360,2070
Senegal,SEN,"GNI per capita, PPP (current international $)",NY.GNP.PCAP.PP.CD,,,,,,,,,,,,,,,,,,,,,,,,,,,,,,,1470,1520,1550,1550,1530,1620,1660,1700,1780,1870,1930,2020,2000,2110,2220,2330,2410,2490,2570,2580,2640,2640,2720,2720,2800,2920,3020,3140,3290,3550,3690,4070,4390,4620,4960
Singapore,SGP,"GNI per capita, PPP (current international $)",NY.GNP.PCAP.PP.CD,,,,,,,,,,,,,,,,,,,,,,,,,,,,,,,23580,25140,27040,29430,33100,35340,36610,40060,38110,40400,43510,42820,44190,47480,51090,55490,62320,67000,65240,62780,74590,77300,78460,78610,81610,81210,84570,89490,90880,92580,88500,112700,114430,117340,126190
Solomon Islands,SLB,"GNI per capita, PPP (current international $)",NY.GNP.PCAP.PP.CD,,,,,,,,,,,,,,,,,,,,,,,,,,,,,,,1250,1310,1470,1540,1660,1800,1810,1770,1760,1700,1490,1390,1320,1420,1560,1700,1750,1780,1850,1880,2080,2150,2210,2400,2350,2310,2350,2400,2460,2490,2460,2550,2710,2840,2880
Sierra Leone,SLE,"GNI per capita, PPP (current international $)",NY.GNP.PCAP.PP.CD,,,,,,,,,,,,,,,,,,,,,,,,,,,,,,,1290,1370,1130,1220,1170,1140,1200,1140,1140,1140,1220,1110,1360,1430,1420,1520,1450,1470,1590,1740,1880,1950,2250,2540,2630,2520,2590,2460,2610,2680,2710,2820,3120,3340,3490
El Salvador,SLV,"GNI per capita, PPP (current international $)",NY.GNP.PCAP.PP.CD,,,,,,,,,,,,,,,,,,,,,,,,,,,,,,,2780,2860,3110,3330,3550,3770,3830,3980,4110,4190,4330,4440,4550,4670,4830,5120,5540,5790,6040,5870,6070,6390,6440,6770,7160,7560,8020,8470,8680,9270,8870,10180,11150,11880,12420
San Marino,SMR,"GNI per capita, PPP (current international $)",NY.GNP.PCAP.PP.CD,,,,,,,,,,,,,,,,,,,,,,,,,,,,,,,,,,,,,,,,,,,,,,,,,,,,,,,,,,48600,49590,52590,49830,58350,69360,,
Somalia,SOM,"GNI per capita, PPP (current international $)",NY.GNP.PCAP.PP.CD,,,,,,,,,,,,,,,,,,,,,,,,,,,,,,,,450,450,460,370,380,400,400,410,430,460,480,510,540,570,610,650,690,730,770,810,870,1000,940,1120,1340,1460,1590,1540,1540,1450,1390,1480,1550,1590
Serbia,SRB,"GNI per capita, PPP (current international $)",NY.GNP.PCAP.PP.CD,,,,,,,,,,,,,,,,,,,,,,,,,,,,,,,,,,,,,,6040,6460,5900,6410,6810,7530,7980,8650,9290,10340,11340,12770,12850,13050,13770,14050,14680,14740,14860,15580,16210,17570,19530,20400,22540,25000,27250,29870
Sub-Saharan Africa (excluding high income),SSA,"GNI per capita, PPP (current international $)",NY.GNP.PCAP.PP.CD,,,,,,,,,,,,,,,,,,,,,,,,,,,,,,,1892.809477,1924.210243,1855.674743,1866.985643,1884.616425,1983.708295,2039.697124,2129.636156,2152.83835,2176.607186,2233.581339,2302.920785,2379.264068,2453.107946,2584.637924,2757.100726,2939.337469,3099.011966,3199.977622,3233.894132,3348.851517,3470.972145,3489.203031,3615.328942,3818.270039,3826.697006,3858.828149,3948.000966,3959.710331,4123.706747,4064.219331,4309.224082,4660.463987,4812.536679,4965.399783
South Sudan,SSD,"GNI per capita, PPP (current international $)",NY.GNP.PCAP.PP.CD,,,,,,,,,,,,,,,,,,,,,,,,,,,,,,,,,,,,,,,,,,,,,,,,,,,,1560,1360,1810,1180,1010,,,,,,,,,
Sub-Saharan Africa,SSF,"GNI per capita, PPP (current international $)",NY.GNP.PCAP.PP.CD,,,,,,,,,,,,,,,,,,,,,,,,,,,,,,,1754.53016,1776.667882,1708.363827,1722.435638,1737.964903,1828.083241,1883.21529,1963.574731,1980.550477,2003.056753,2056.312838,2122.23572,2189.536617,2252.553135,2377.961226,2540.403575,2711.596364,2864.010096,2963.468898,2999.033697,3111.775961,3231.948657,3256.48605,3377.226683,3583.228812,3605.624483,3657.557223,3752.011715,3772.064927,3933.91743,3896.743752,4134.969045,4476.76415,4635.742383,4795.448346
Small states,SST,"GNI per capita, PPP (current international $)",NY.GNP.PCAP.PP.CD,,,,,,,,,,,,,,,,,,,,,,,,,,,,,,,6486.549916,6628.186468,6723.518036,6885.956071,7140.67527,7563.794341,7916.499821,8309.154892,8585.390115,8851.369348,9382.291332,9802.075623,10288.23004,10839.0464,11548.74339,12281.92527,13463.33158,14448.1276,15107.19821,14537.79842,14928.0415,15554.55573,16030.53818,16380.68465,16666.33122,16713.65748,16988.19505,18005.73439,18642.8569,19916.14459,18596.03965,20443.97897,22765.91553,24842.72997,26420.14062
Sao Tome and Principe,STP,"GNI per capita, PPP (current international $)",NY.GNP.PCAP.PP.CD,,,,,,,,,,,,,,,,,,,,,,,,,,,,,,,1380,1380,1390,1410,1450,1470,1530,1530,1550,1630,1680,1820,1870,2040,2110,2280,2600,2730,2800,2840,2850,2910,2680,2980,3320,3210,3350,3430,3960,4650,5200,5760,6150,6210,6220
Suriname,SUR,"GNI per capita, PPP (current international $)",NY.GNP.PCAP.PP.CD,,,,,,,,,,,,,,,,,,,,,,,,,,,,,,,6470,6830,6980,6580,6930,6980,7000,7260,7370,7130,7240,7090,7790,8280,9060,9830,10580,11520,12170,12410,12730,13100,14600,15760,16370,16500,13750,15640,16120,17740,14240,16120,18450,19170,20350
Slovak Republic,SVK,"GNI per capita, PPP (current international $)",NY.GNP.PCAP.PP.CD,,,,,,,,,,,,,,,,,,,,,,,,,,,,,,,8030,7060,6750,7410,8010,8850,9570,10160,10690,10680,11320,12370,13260,13400,14580,16150,18380,20640,23290,22940,24840,25290,26550,27850,28770,29410,29080,29690,31000,33160,35000,37240,39850,43030,46110
Slovenia,SVN,"GNI per capita, PPP (current international $)",NY.GNP.PCAP.PP.CD,,,,,,,,,,,,,,,,,,,,,,,,,,,,,,,12260,11560,11210,11870,12990,13700,14320,15250,15970,16990,17840,18750,19830,20690,22270,23460,25250,26840,28690,26760,27210,28320,28340,29240,30300,30400,32800,35640,38180,41860,41690,45500,50300,53450,55870
Sweden,SWE,"GNI per capita, PPP (current international $)",NY.GNP.PCAP.PP.CD,,,,,,,,,,,,,,,,,,,,,,,,,,,,,,,19910,20080,19920,19740,21150,22450,23290,24150,25330,27460,29650,29980,31080,32330,34010,34670,38670,42060,43380,41040,43190,45340,46260,47160,47820,49130,50420,52210,54080,58700,59540,65080,69060,70140,74150
Eswatini,SWZ,"GNI per capita, PPP (current international $)",NY.GNP.PCAP.PP.CD,,,,,,,,,,,,,,,,,,,,,,,,,,,,,,,3390,3450,3530,3510,3500,3980,4270,4390,4310,4540,4510,4840,4770,4910,5300,6090,6290,6760,6810,6770,6850,7040,7240,7870,8000,8050,8020,8020,7950,8280,8430,9190,9820,10560,10750
Sint Maarten (Dutch part),SXM,"GNI per capita, PPP (current international $)",NY.GNP.PCAP.PP.CD,,,,,,,,,,,,,,,,,,,,,,,,,,,,,,,,,,,,,,,,,,,,,,,,,,35250,36450,38450,34510,35450,42140,43280,43720,43620,40710,44100,37930,39280,45580,48320,
Seychelles,SYC,"GNI per capita, PPP (current international $)",NY.GNP.PCAP.PP.CD,,,,,,,,,,,,,,,,,,,,,,,,,,,,,,,8650,9130,10040,10780,10610,10420,11600,13180,13230,13330,13930,14230,13230,13330,14310,16000,17670,18190,17360,17260,17940,20270,22200,21100,23400,23960,26810,28610,30560,32850,29950,28720,29030,30920,32180
Syrian Arab Republic,SYR,"GNI per capita, PPP (current international $)",NY.GNP.PCAP.PP.CD,,,,,,,,,,,,,,,,,,,,,,,,,,,,,,,,,,,,,,,,,,,,,,,,,,,,,,,,,,3150,3330,3370,3580,4430,4610,4480,
Turks and Caicos Islands,TCA,"GNI per capita, PPP (current international $)",NY.GNP.PCAP.PP.CD,,,,,,,,,,,,,,,,,,,,,,,,,,,,,,,,,,,,,,,,,,,,,,,,,,,,,,,21100,22410,24560,25740,31090,30540,19540,25160,30160,34050,
Chad,TCD,"GNI per capita, PPP (current international $)",NY.GNP.PCAP.PP.CD,,,,,,,,,,,,,,,,,,,,,,,,,,,,,,,960,1040,1100,910,1020,1010,1000,1040,1090,1060,1030,1140,1190,1200,1590,1840,1810,1910,1900,2020,2260,2340,2390,2040,2060,2320,2090,2080,2200,2320,2160,2410,2820,2900,2930
East Asia & Pacific (IDA & IBRD countries),TEA,"GNI per capita, PPP (current international $)",NY.GNP.PCAP.PP.CD,,,,,,,,,,,,,,,,,,,,,,,,,,,,,,,1457.913952,1600.154083,1779.931612,1989.781003,2218.236948,2431.35494,2662.31246,2858.039684,2871.016826,3043.935489,3313.00731,3585.357004,3900.908109,4287.340426,4753.584585,5309.457403,6025.148157,6882.711121,7558.52116,8071.100531,8868.231502,9690.435152,10574.782,11177.9398,11835.39365,12175.51046,12773.56767,13554.67668,14630.18328,15751.71459,16033.05026,17966.75155,19916.20848,21697.25584,23328.78849
Europe & Central Asia (IDA & IBRD countries),TEC,"GNI per capita, PPP (current international $)",NY.GNP.PCAP.PP.CD,,,,,,,,,,,,,,,,,,,,,,,,,,,,,,,6868.413227,6693.703217,6180.366186,6030.691132,5585.855625,5677.600589,5793.795314,6041.61617,5639.48926,5836.4143,6454.967,6849.051353,7329.488249,7971.603979,8895.090997,9871.201134,11615.62007,12996.42879,14812.09793,14410.98639,15452.70432,16982.48422,17982.59926,19196.08922,19657.14216,19570.76518,20039.76671,21384.0779,22882.87624,24587.0597,25192.28823,28918.90843,32110.42428,34801.11147,36956.33275
Togo,TGO,"GNI per capita, PPP (current international $)",NY.GNP.PCAP.PP.CD,,,,,,,,,,,,,,,,,,,,,,,,,,,,,,,1090,1090,1050,930,1050,1120,1200,1350,1300,1310,1300,1300,1340,1430,1410,1350,1390,1380,1420,1470,1530,1690,1650,1720,1820,1920,1950,1990,2070,2220,2370,2580,2860,3080,3250
Thailand,THA,"GNI per capita, PPP (current international $)",NY.GNP.PCAP.PP.CD,,,,,,,,,,,,,,,,,,,,,,,,,,,,,,,4390,4840,5250,5740,6230,6770,7140,6930,6330,6690,7150,7420,7860,8460,9130,9710,10510,11320,11620,11540,12390,12910,13950,14240,14570,14980,15890,16790,17960,19230,18740,19540,21530,22930,24020
Tajikistan,TJK,"GNI per capita, PPP (current international $)",NY.GNP.PCAP.PP.CD,,,,,,,,,,,,,,,,,,,,,,,,,,,,,,,2580,2420,1720,1450,990,970,780,830,880,920,990,1090,1210,1330,1510,1920,2210,2500,2730,2600,2830,3130,3420,3840,3910,3520,3370,3460,3550,4010,4270,4800,5990,6190,7100
Turkmenistan,TKM,"GNI per capita, PPP (current international $)",NY.GNP.PCAP.PP.CD,,,,,,,,,,,,,,,,,,,,,,,,,,,,,,,5360,5120,4350,4440,3740,3420,3650,3280,3450,3980,4060,4310,4300,4480,4720,5110,5790,6700,7490,7770,8220,9290,9990,10700,11350,11970,12580,12730,13760,15260,15010,16330,18100,19670,20220
Latin America & the Caribbean (IDA & IBRD countries),TLA,"GNI per capita, PPP (current international $)",NY.GNP.PCAP.PP.CD,,,,,,,,,,,,,,,,,,,,,,,,,,,,,,,6067.945546,6417.442202,6652.964012,6838.208309,7149.20163,7315.33025,7597.786848,8014.560153,8175.572392,8139.230849,8501.80841,8614.190529,8633.265578,8858.553745,9450.406574,10064.28057,11034.03748,11863.97238,12481.38128,12248.87295,12975.7985,13840.21202,14162.17291,14687.8951,14995.63541,14831.20451,15056.01285,15679.23683,16267.33782,16676.81388,16086.01616,17965.58842,20040.32942,21111.25434,21917.61493
Timor-Leste,TLS,"GNI per capita, PPP (current international $)",NY.GNP.PCAP.PP.CD,,,,,,,,,,,,,,,,,,,,,,,,,,,,,,,1380,1540,1700,1870,1980,2100,2250,2320,2230,1650,2080,2150,2290,1830,2130,2620,3950,5500,8430,6280,7370,9080,8880,7630,6590,5450,4590,4930,5120,6430,6720,6520,5460,5630,4880
"Middle East, North Africa, Afghanistan & Pakistan (IDA & IBRD)",TMN,"GNI per capita, PPP (current international $)",NY.GNP.PCAP.PP.CD,,,,,,,,,,,,,,,,,,,,,,,,,,,,,,,3648.440084,3932.030983,4105.739134,4148.261256,4196.126314,4301.570186,4529.183209,4644.236771,4851.724899,4983.08753,5308.66944,5481.221502,5623.471846,5757.919973,6237.498357,6587.840413,7031.256637,7517.785003,7742.068423,7792.539414,8058.588108,8063.606934,8261.90262,8227.506325,8117.737178,7820.552277,7940.321714,8259.712958,8597.384593,8565.93775,8637.81461,9171.891081,10088.80595,10545.127,10850.36021
Tonga,TON,"GNI per capita, PPP (current international $)",NY.GNP.PCAP.PP.CD,,,,,,,,,,,,,,,,,,,,,,,,,,,,,,,2480,2700,2750,2900,3230,3410,3490,3510,3670,3750,3880,3970,4250,4250,4280,4300,4400,4380,4680,4520,4610,5000,5140,5250,5370,5530,6010,6480,6710,6920,7170,7440,7760,8560,
South Asia (IDA & IBRD),TSA,"GNI per capita, PPP (current international $)",NY.GNP.PCAP.PP.CD,,,,,,,,,,,,,,,,,,,,,,,,,,,,,,,1184.569017,1214.208865,1282.288838,1349.612967,1438.673936,1545.614689,1655.504212,1722.205587,1810.769069,1952.311407,2034.434833,2140.288218,2221.350583,2393.290311,2602.291938,2845.218875,3118.29602,3407.935943,3540.417315,3777.706989,4064.442441,4322.23288,4686.572203,4891.186964,5084.073768,5318.565459,5689.127397,6032.892187,6603.866306,7048.789647,6912.181935,7968.647354,9048.771964,10085.81327,10871.60852
Sub-Saharan Africa (IDA & IBRD countries),TSS,"GNI per capita, PPP (current international $)",NY.GNP.PCAP.PP.CD,,,,,,,,,,,,,,,,,,,,,,,,,,,,,,,1754.53016,1776.667882,1708.363827,1722.435638,1737.964903,1828.083241,1883.21529,1963.574731,1980.550477,2003.056753,2056.312838,2122.23572,2189.536617,2252.553135,2377.961226,2540.403575,2711.596364,2864.010096,2963.468898,2999.033697,3111.775961,3231.948657,3256.48605,3377.226683,3583.228812,3605.624483,3657.557223,3752.011715,3772.064927,3933.91743,3896.743752,4134.969045,4476.76415,4635.742383,4795.448346
Trinidad and Tobago,TTO,"GNI per capita, PPP (current international $)",NY.GNP.PCAP.PP.CD,,,,,,,,,,,,,,,,,,,,,,,,,,,,,,,6340,6670,7460,7640,7910,8430,9000,10050,11070,12060,12880,13890,15280,17610,20060,22370,25970,28040,29450,28030,29280,27630,29190,30000,30150,29560,27720,28560,27840,28700,25510,29930,31000,35310,36280
Tunisia,TUN,"GNI per capita, PPP (current international $)",NY.GNP.PCAP.PP.CD,,,,,,,,,,,,,,,,,,,,,,,,,,,,,,,3670,3830,4120,4160,4330,4490,4810,5110,5370,5710,6020,6330,6450,6840,7370,7720,8350,9010,9450,9760,10080,9970,10190,10220,10580,10500,10760,11020,11550,12170,11530,12120,13310,13660,14090
Turkiye,TUR,"GNI per capita, PPP (current international $)",NY.GNP.PCAP.PP.CD,,,,,,,,,,,,,,,,,,,,,,,,,,,,,,,8110,8310,8860,9640,9090,9820,10550,11360,8660,8340,9170,8770,8960,9280,10580,11630,13350,14730,15880,15260,17200,19420,20470,22170,23890,25570,26410,27840,27900,28020,28340,30930,38720,41890,43410
Tuvalu,TUV,"GNI per capita, PPP (current international $)",NY.GNP.PCAP.PP.CD,,,,,,,,,,,,,,,,,,,,,,,,,,,,,,,3290,3480,3680,3510,4120,4010,3640,4330,4700,4560,4030,4780,6010,4180,4590,4580,4510,5290,5250,5310,4700,4720,4120,5020,4510,5840,5860,5860,6420,6950,6970,7220,7630,8320,
Tanzania,TZA,"GNI per capita, PPP (current international $)",NY.GNP.PCAP.PP.CD,,,,,,,,,,,,,,,,,,,,,,,,,,,,,,,900,930,930,930,940,960,1020,1050,1070,1110,1150,1200,1290,1360,1460,1570,1710,1800,1890,1950,2030,2170,2050,2140,2200,2280,2390,2430,2700,2930,3230,3430,3730,3940,4120
Uganda,UGA,"GNI per capita, PPP (current international $)",NY.GNP.PCAP.PP.CD,,,,,,,,,,,,,,,,,,,,,,,,,,,,,,,660,700,710,760,800,890,960,1010,1040,1100,1110,1150,1240,1300,1380,1470,1630,1770,1910,1980,2060,2230,1990,2000,2090,2150,2130,2110,2250,2380,2480,2630,2860,3020,3200
Ukraine,UKR,"GNI per capita, PPP (current international $)",NY.GNP.PCAP.PP.CD,,,,,,,,,,,,,,,,,,,,,,,,,,,,,,,7770,7310,6560,5630,4520,4080,3760,3750,3720,3760,3960,4510,4870,5490,6370,6820,7550,8500,8840,7550,8140,8680,9450,10740,10370,10340,10980,11700,12680,14390,15880,17330,15540,18160,18580
Upper middle income,UMC,"GNI per capita, PPP (current international $)",NY.GNP.PCAP.PP.CD,,,,,,,,,,,,,,,,,,,,,,,,,,,,,,,3107.763366,3301.322649,3471.078112,3665.823842,3850.553077,4052.710359,4328.365946,4598.387999,4595.380586,4738.627166,5098.329789,5355.009949,5661.86568,6051.746679,6641.356447,7263.176683,8125.835767,9072.36402,9788.660854,10091.49379,10962.23287,11838.58319,12574.51874,13179.57121,13722.16929,13834.54017,14338.45641,15108.68252,16028.13854,16920.37739,17042.78264,19135.05792,21269.87316,22980.45006,24400.75305
Uruguay,URY,"GNI per capita, PPP (current international $)",NY.GNP.PCAP.PP.CD,,,,,,,,,,,,,,,,,,,,,,,,,,,,,,,6460,6960,7680,8040,8740,8770,9400,10380,10910,10920,10900,10680,10090,9880,10620,11940,12890,14080,15240,15900,17230,18520,18110,19630,20540,21230,21780,22310,23020,24520,24340,26480,29840,32040,34060
United States,USA,"GNI per capita, PPP (current international $)",NY.GNP.PCAP.PP.CD,,,,,,,,,,,,,,,,,,,,,,,,,,,,,,,24030,24470,25540,26510,27780,28800,30080,31540,32920,34630,36470,37310,38160,39690,41990,44380,46460,48370,49050,47680,49310,50790,52450,54020,55890,57530,58690,60940,63760,66080,65040,71770,78310,82600,85980
Uzbekistan,UZB,"GNI per capita, PPP (current international $)",NY.GNP.PCAP.PP.CD,,,,,,,,,,,,,,,,,,,,,,,,,,,,,,,2660,2680,2360,2310,2190,2170,2200,2300,2400,2500,2600,2740,2860,3010,3310,3610,3940,4560,5060,5260,5600,6060,6240,6520,6700,6910,6990,7950,8340,8640,8470,9290,10410,11210,12000
St. Vincent and the Grenadines,VCT,"GNI per capita, PPP (current international $)",NY.GNP.PCAP.PP.CD,,,,,,,,,,,,,,,,,,,,,,,,,,,,,,,3770,3930,4340,4630,4610,5080,5280,5510,5790,5940,6200,6510,6980,7510,7990,8500,9530,10260,10560,10670,10380,10580,10930,11570,11630,12070,13360,13500,14660,15310,15200,15900,17850,19860,21080
"Venezuela, RB",VEN,"GNI per capita, PPP (current international $)",NY.GNP.PCAP.PP.CD,,,,,,,,,,,,,,,,,,,,,,,,,,,,,,,9350,10400,10830,10870,10570,11060,11020,11630,11570,10960,11440,11820,10600,9830,11680,13280,14950,16700,17520,16660,16320,16910,,,,,,,,,,,,,
British Virgin Islands,VGB,"GNI per capita, PPP (current international $)",NY.GNP.PCAP.PP.CD,,,,,,,,,,,,,,,,,,,,,,,,,,,,,,,,,,,,,,,,,,,,,,,,,,,,,,,,,,,,,,,,,
Virgin Islands (U.S.),VIR,"GNI per capita, PPP (current international $)",NY.GNP.PCAP.PP.CD,,,,,,,,,,,,,,,,,,,,,,,,,,,,,,,,,,,,,,,,,,,,,,,,,,,,,,,,,,,,,,,,,
Viet Nam,VNM,"GNI per capita, PPP (current international $)",NY.GNP.PCAP.PP.CD,,,,,,,,,,,,,,,,,,,,,,,,,,,,,,,1150,1240,1380,1490,1640,1840,2010,2160,2270,2390,2580,2780,2960,3200,3490,3840,4170,4480,4730,4890,5220,5620,6170,6530,7020,7280,7910,8620,9500,10480,11110,11430,13240,14260,15850
Vanuatu,VUT,"GNI per capita, PPP (current international $)",NY.GNP.PCAP.PP.CD,,,,,,,,,,,,,,,,,,,,,,,,,,,,,,,1660,1520,1510,1530,1620,1660,1750,1850,2020,2040,2100,2090,1910,1980,2050,2140,2380,2450,2690,2630,2650,2750,2670,2830,2940,3020,3100,3150,3330,3790,3470,3570,3980,3940,4120
World,WLD,"GNI per capita, PPP (current international $)",NY.GNP.PCAP.PP.CD,,,,,,,,,,,,,,,,,,,,,,,,,,,,,,,5548.723337,5733.35178,5894.215084,6062.986781,6288.045871,6532.669329,6818.166916,7115.818382,7245.586625,7496.230491,7952.747269,8232.64421,8508.247511,8877.500033,9479.030897,10082.40015,10921.08018,11692.04929,12214.88605,12167.61342,12816.77639,13491.50548,14043.9837,14556.74979,14978.43375,15131.06011,15580.95283,16279.68804,17121.20087,17954.95452,17704.12368,19621.40668,21640.25092,22886.71942,24082.82566
Samoa,WSM,"GNI per capita, PPP (current international $)",NY.GNP.PCAP.PP.CD,,,,,,,,,,,,,,,,,,,,,,,,,,,,,,,2910,2900,2840,3040,2040,2160,2430,2470,2540,2650,2890,3120,3300,3520,3720,4060,4270,4410,4630,4670,5080,5290,5150,5200,5260,5570,6010,6100,6110,6380,6220,6110,6110,6930,7720
Kosovo,XKX,"GNI per capita, PPP (current international $)",NY.GNP.PCAP.PP.CD,,,,,,,,,,,,,,,,,,,,,,,,,,,,,,,,,,,,,,,,,,,,,,,,,6650,6850,7300,7970,8150,8280,8380,8860,9270,9570,10190,11110,10790,12600,14130,16130,19010
"Yemen, Rep.",YEM,"GNI per capita, PPP (current international $)",NY.GNP.PCAP.PP.CD,,,,,,,,,,,,,,,,,,,,,,,,,,,,,,,1730,1780,1920,1980,2070,2110,2070,2140,2300,2260,2410,2510,2560,2600,2660,2810,3000,3090,3130,3250,3390,2890,2870,3020,,,,,,,,,,,
South Africa,ZAF,"GNI per capita, PPP (current international $)",NY.GNP.PCAP.PP.CD,,,,,,,,,,,,,,,,,,,,,,,,,,,,,,,6170,6230,6150,6260,6510,6760,7070,7290,7310,7500,7930,8200,8600,8930,9550,10260,11060,11690,12170,12010,12390,12840,12660,13050,13030,13090,13170,13360,12970,13030,12460,13450,14450,14990,15150
Zambia,ZMB,"GNI per capita, PPP (current international $)",NY.GNP.PCAP.PP.CD,,,,,,,,,,,,,,,,,,,,,,,,,,,,,,,1390,1360,1360,1480,1370,1410,1490,1540,1500,1570,1630,1710,1770,1890,1940,2050,2160,2270,2500,2790,2890,3070,3270,3330,3370,3270,3210,3240,3390,3300,3070,3200,3610,3880,3950
Zimbabwe,ZWE,"GNI per capita, PPP (current international $)",NY.GNP.PCAP.PP.CD,,,,,,,,,,,,,,,,,,,,,,,,,,,,,,,1570,1640,1430,1490,1620,1620,1860,1820,1730,1790,1740,1840,1740,1490,1350,1310,1220,1120,760,1400,1650,1870,2160,2360,2430,2570,2560,6770,2560,3150,3440,3110,3480,3770,3880
